algorithm,size_profile,instance_seed,run_seed,z_stable,service_stable,low_rotation_stable,elapsed_stable,z_seasonal,service_seasonal,low_rotation_seasonal,elapsed_seasonal,delta_z_pct,delta_service_pp,delta_low_rotation_pct,delta_elapsed_pct
baseline,medium,42,1,551611597.6838298,56.48101833972543,571.3854187049747,0.0418148040771484,629260930.8883402,64.65504296253151,0.0,0.0394880771636962,14.07681302034863,8.17402462280608,-100.0,-5.564361629339188
baseline,medium,42,2,551611597.6838298,56.48101833972543,571.3854187049747,0.0344789028167724,629260930.8883402,64.65504296253151,0.0,0.0388839244842529,14.07681302034863,8.17402462280608,-100.0,12.775991425509234
baseline,medium,42,3,551611597.6838298,56.48101833972543,571.3854187049747,0.0378179550170898,629260930.8883402,64.65504296253151,0.0,0.0389044284820556,14.07681302034863,8.17402462280608,-100.0,2.8729037952338405
baseline,medium,42,4,551611597.6838298,56.48101833972543,571.3854187049747,0.0368177890777587,629260930.8883402,64.65504296253151,0.0,0.0394272804260253,14.07681302034863,8.17402462280608,-100.0,7.087582969078858
baseline,medium,42,5,551611597.6838298,56.48101833972543,571.3854187049747,0.0375983715057373,629260930.8883402,64.65504296253151,0.0,0.0372793674468994,14.07681302034863,8.17402462280608,-100.0,-0.8484517974115431
baseline,small,42,1,552277686.7837336,56.4843758197804,491.17381517409456,0.0170328617095947,628998735.6385002,64.61105927248101,0.0,0.017493724822998,13.891752408387594,8.126683452700618,-100.0,2.7057292031185396
baseline,small,42,2,552277686.7837336,56.4843758197804,491.17381517409456,0.016050100326538,628998735.6385002,64.61105927248101,0.0,0.0190188884735107,13.891752408387594,8.126683452700618,-100.0,18.497006788574186
baseline,small,42,3,552277686.7837336,56.4843758197804,491.17381517409456,0.0148348808288574,628998735.6385002,64.61105927248101,0.0,0.0181500911712646,13.891752408387594,8.126683452700618,-100.0,22.347401240718575
baseline,small,42,4,552277686.7837336,56.4843758197804,491.17381517409456,0.0158262252807617,628998735.6385002,64.61105927248101,0.0,0.0155591964721679,13.891752408387594,8.126683452700618,-100.0,-1.6872551973489296
baseline,small,42,5,552277686.7837336,56.4843758197804,491.17381517409456,0.0177416801452636,628998735.6385002,64.61105927248101,0.0,0.0230920314788818,13.891752408387594,8.126683452700618,-100.0,30.156959711882514
cbc_exact,medium,42,1,571263947.5397551,56.310303879501866,571.3854174,12.516430139541626,650515277.2701972,64.49855865029758,0.0,12.392898797988892,13.872979394507794,8.188254770795716,-100.0,-0.9869534697635305
cbc_exact,small,42,1,571535746.9501077,56.17383829599589,491.173815,6.624823808670044,649963169.063035,64.3113093148575,0.0,6.22697114944458,13.72222516814397,8.137471018861604,-100.0,-6.005482873443153
de,medium,42,1,551611597.6838298,56.48101833972543,571.3854187049747,405.4519650936127,629260930.8883402,64.65504296253151,0.0,450.8653519153595,14.07681302034863,8.17402462280608,-100.0,11.200682382008312
de,medium,42,2,551611597.6838298,56.48101833972543,571.3854187049747,438.2810966968536,629260930.8883402,64.65504296253151,0.0,422.5616056919098,14.07681302034863,8.17402462280608,-100.0,-3.58662308810834
de,medium,42,3,551575019.6038299,56.47938808850147,571.3854187049747,420.5383565425873,629260930.8883402,64.65504296253151,0.0,765.4090478420258,14.08437810332826,8.175654874030037,-100.0,82.00695273904557
de,medium,42,4,551611597.6838298,56.48101833972543,571.3854187049747,439.9918885231018,629260930.8883402,64.65504296253151,0.0,741.3451182842255,14.07681302034863,8.17402462280608,-100.0,68.49063303704543
de,medium,42,5,551611597.6838298,56.48101833972543,571.3854187049747,429.7686052322388,629260930.8883402,64.65504296253151,0.0,903.2622828483582,14.07681302034863,8.17402462280608,-100.0,110.17409644435344
de,small,42,1,552277686.7837336,56.4843758197804,491.17381517409456,226.45627069473267,628983266.5385001,64.61016326626188,0.0,210.53884482383728,13.888951444240332,8.125787446481482,-100.0,-7.028918131550606
de,small,42,2,552277686.7837336,56.4843758197804,491.17381517409456,200.03239369392395,628998735.6385002,64.61105927248101,0.0,194.1546185016632,13.891752408387594,8.126683452700618,-100.0,-2.9384116660897015
de,small,42,3,552277686.7837336,56.4843758197804,491.17381517409456,214.0602524280548,628998735.6385002,64.61105927248101,0.0,197.29264736175537,13.891752408387594,8.126683452700618,-100.0,-7.833124027514167
de,small,42,4,552260009.2837336,56.48360862406969,491.17381517409456,218.6779341697693,628998735.6385002,64.61105927248101,0.0,192.12789583206177,13.895398012667018,8.127450648411326,-100.0,-12.141160212852368
de,small,42,5,552277686.7837336,56.4843758197804,491.17381517409456,202.1818206310272,628998735.6385002,64.61105927248101,0.0,182.36439061164856,13.891752408387594,8.126683452700618,-100.0,-9.80178631171027
ga,medium,42,1,551611597.6838298,56.48101833972543,571.3854187049747,297.72983741760254,629260930.8883402,64.65504296253151,0.0,568.8820140361786,14.07681302034863,8.17402462280608,-100.0,91.07322899526928
ga,medium,42,2,551611597.6838298,56.48101833972543,571.3854187049747,298.3967034816742,629260930.8883402,64.65504296253151,0.0,475.1696031093597,14.07681302034863,8.17402462280608,-100.0,59.2409023173213
ga,medium,42,3,551611597.6838298,56.48101833972543,571.3854187049747,337.1019415855408,629260930.8883402,64.65504296253151,0.0,624.008574962616,14.07681302034863,8.17402462280608,-100.0,85.10975404876793
ga,medium,42,4,551611597.6838298,56.48101833972543,571.3854187049747,419.7211408615112,629260930.8883402,64.65504296253151,0.0,628.4787425994873,14.07681302034863,8.17402462280608,-100.0,49.73721392958298
ga,medium,42,5,551611597.6838298,56.48101833972543,571.3854187049747,530.7868649959564,629260930.8883402,64.65504296253151,0.0,621.9411039352417,14.07681302034863,8.17402462280608,-100.0,17.1734164785671
ga,small,42,1,552277686.7837336,56.4843758197804,491.17381517409456,79.96315956115723,628998735.6385002,64.61105927248101,0.0,102.2871913909912,13.891752408387594,8.126683452700618,-100.0,27.91789613160565
ga,small,42,2,552277686.7837336,56.4843758197804,491.17381517409456,90.50152254104614,628998735.6385002,64.61105927248101,0.0,95.7614438533783,13.891752408387594,8.126683452700618,-100.0,5.811969969838423
ga,small,42,3,552277686.7837336,56.4843758197804,491.17381517409456,76.34074068069458,628998735.6385002,64.61105927248101,0.0,107.00446271896362,13.891752408387594,8.126683452700618,-100.0,40.166917120341004
ga,small,42,4,552277686.7837336,56.4843758197804,491.17381517409456,85.9828519821167,628998735.6385002,64.61105927248101,0.0,90.82123374938963,13.891752408387594,8.126683452700618,-100.0,5.627147338959232
ga,small,42,5,552277686.7837336,56.4843758197804,491.17381517409456,83.12668585777283,628998735.6385002,64.61105927248101,0.0,95.11187481880188,13.891752408387594,8.126683452700618,-100.0,14.417980023328896
ga_sa,medium,42,1,551611597.6838298,56.48101833972543,571.3854187049747,608.9608845710754,629260930.8883402,64.65504296253151,0.0,601.7295844554901,14.07681302034863,8.17402462280608,-100.0,-1.187481872613005
ga_sa,medium,42,2,551611597.6838298,56.48101833972543,571.3854187049747,681.5592269897461,629260930.8883402,64.65504296253151,0.0,473.3803560733795,14.07681302034863,8.17402462280608,-100.0,-30.544501882225795
ga_sa,medium,42,3,551611597.6838298,56.48101833972543,571.3854187049747,682.6206789016724,629260930.8883402,64.65504296253151,0.0,501.3129894733429,14.07681302034863,8.17402462280608,-100.0,-26.56053281597785
ga_sa,medium,42,4,551611597.6838298,56.48101833972543,571.3854187049747,710.7272562980652,629260930.8883402,64.65504296253151,0.0,423.87857580184937,14.07681302034863,8.17402462280608,-100.0,-40.35988179070441
ga_sa,medium,42,5,551611597.6838298,56.48101833972543,571.3854187049747,609.0934834480286,629260930.8883402,64.65504296253151,0.0,517.912887096405,14.07681302034863,8.17402462280608,-100.0,-14.969885383678317
ga_sa,small,42,1,552277686.7837336,56.4843758197804,491.17381517409456,138.36932373046875,628998735.6385002,64.61105927248101,0.0,288.7651653289795,13.891752408387594,8.126683452700618,-100.0,108.69160702950937
ga_sa,small,42,2,552277686.7837336,56.4843758197804,491.17381517409456,164.06068015098572,628998735.6385002,64.61105927248101,0.0,263.4031388759613,13.891752408387594,8.126683452700618,-100.0,60.552265560249
ga_sa,small,42,3,552277686.7837336,56.4843758197804,491.17381517409456,190.6720051765442,628998735.6385002,64.61105927248101,0.0,286.6311709880829,13.891752408387594,8.126683452700618,-100.0,50.32682470753356
ga_sa,small,42,4,552277686.7837336,56.4843758197804,491.17381517409456,184.89765906333923,628998735.6385002,64.61105927248101,0.0,289.008734703064,13.891752408387594,8.126683452700618,-100.0,56.307406035930455
ga_sa,small,42,5,552277686.7837336,56.4843758197804,491.17381517409456,329.5237708091736,628998735.6385002,64.61105927248101,0.0,366.8076527118683,13.891752408387594,8.126683452700618,-100.0,11.314474161041847
sa,medium,42,1,537920676.7897112,55.884135558006,490.4914215085977,52.17445731163025,594191634.9100871,62.77657830562712,0.0,56.67153096199036,10.460828250030966,6.892442747621118,-100.0,8.619301248309617
sa,medium,42,2,523523524.1474557,55.25193539000927,373.1034121482811,52.89300179481506,603402768.9823375,63.26570702371584,0.0,70.23522138595581,15.25800487475,8.013771633706568,-100.0,32.78736128158404
sa,medium,42,3,534486512.4824994,55.72702714864332,571.3854187049747,48.355857372283936,613745193.7026081,63.809069234564674,0.0,56.39232802391052,14.828939434220773,8.082042085921351,-100.0,16.619435758847366
sa,medium,42,4,513405985.2049587,54.8155383008948,473.91817106966926,45.886534452438354,593429214.2142136,62.76022897886188,0.0,50.2339129447937,15.58673473144427,7.944690677967081,-100.0,9.474192253201053
sa,medium,42,5,422307610.15043366,50.85551527902192,429.5427019377677,47.88346934318543,504259752.63210654,58.23135046844124,0.0,64.41642761230469,19.405793433956838,7.37583518941932,-100.0,34.52748619910131
sa,small,42,1,514861522.9600281,54.84201446379766,397.9738151740946,21.637690544128414,617093617.8433031,63.963144804907,0.0,24.10001921653748,19.85623130187025,9.121130341109343,-100.0,11.379812773398038
sa,small,42,2,524189622.5877597,55.25661216976889,390.7738151740947,21.52828073501587,603731580.3764673,63.24110506324851,0.0,33.949888467788696,15.174271744647289,7.984492893479619,-100.0,57.69902337147161
sa,small,42,3,535152615.1906085,55.73127145886485,459.9738151740946,20.99852156639099,614037009.9883424,63.7812921141029,0.0,32.54509210586548,14.740541774169818,8.050020655238043,-100.0,54.98754044644388
sa,small,42,4,514097407.2886095,54.82167938883566,260.5138137232485,25.17213225364685,565215940.8714786,61.3117961475356,0.0,18.0703866481781,9.943355647808506,6.490116758699941,-100.0,-28.21272959282134
sa,small,42,5,422982141.8805967,50.86564253511825,455.9738151740946,25.050922632217407,503242343.4292421,58.13020606423858,0.0,25.82512187957764,18.974843995021892,7.2645635291203305,-100.0,3.0905019297155683
