algorithm,instance,seed,size_profile,demand_profile,instance_seed,run_seed,z_value,gap_percent,service_level,avg_inventory,low_rotation_inventory,elapsed_seconds,n_evaluations,is_feasible
baseline,medium_seasonal_seed42,1,medium,seasonal,42,1,629260930.8883402,,64.65504296253151,19558.75971925111,0.0,0.0394880771636962,1,True
baseline,medium_seasonal_seed42,2,medium,seasonal,42,2,629260930.8883402,,64.65504296253151,19558.75971925111,0.0,0.0388839244842529,1,True
baseline,medium_seasonal_seed42,3,medium,seasonal,42,3,629260930.8883402,,64.65504296253151,19558.75971925111,0.0,0.0389044284820556,1,True
baseline,medium_seasonal_seed42,4,medium,seasonal,42,4,629260930.8883402,,64.65504296253151,19558.75971925111,0.0,0.0394272804260253,1,True
baseline,medium_seasonal_seed42,5,medium,seasonal,42,5,629260930.8883402,,64.65504296253151,19558.75971925111,0.0,0.0372793674468994,1,True
baseline,medium_stable_seed42,1,medium,stable,42,1,551611597.6838298,,56.48101833972543,17939.98800711172,571.3854187049747,0.0418148040771484,1,True
baseline,medium_stable_seed42,2,medium,stable,42,2,551611597.6838298,,56.48101833972543,17939.98800711172,571.3854187049747,0.0344789028167724,1,True
baseline,medium_stable_seed42,3,medium,stable,42,3,551611597.6838298,,56.48101833972543,17939.98800711172,571.3854187049747,0.0378179550170898,1,True
baseline,medium_stable_seed42,4,medium,stable,42,4,551611597.6838298,,56.48101833972543,17939.98800711172,571.3854187049747,0.0368177890777587,1,True
baseline,medium_stable_seed42,5,medium,stable,42,5,551611597.6838298,,56.48101833972543,17939.98800711172,571.3854187049747,0.0375983715057373,1,True
baseline,small_seasonal_seed42,1,small,seasonal,42,1,628998735.6385002,,64.61105927248101,19525.967677061817,0.0,0.017493724822998,1,True
baseline,small_seasonal_seed42,2,small,seasonal,42,2,628998735.6385002,,64.61105927248101,19525.967677061817,0.0,0.0190188884735107,1,True
baseline,small_seasonal_seed42,3,small,seasonal,42,3,628998735.6385002,,64.61105927248101,19525.967677061817,0.0,0.0181500911712646,1,True
baseline,small_seasonal_seed42,4,small,seasonal,42,4,628998735.6385002,,64.61105927248101,19525.967677061817,0.0,0.0155591964721679,1,True
baseline,small_seasonal_seed42,5,small,seasonal,42,5,628998735.6385002,,64.61105927248101,19525.967677061817,0.0,0.0230920314788818,1,True
baseline,small_stable_seed42,1,small,stable,42,1,552277686.7837336,,56.4843758197804,17821.311832720072,491.17381517409456,0.0170328617095947,1,True
baseline,small_stable_seed42,2,small,stable,42,2,552277686.7837336,,56.4843758197804,17821.311832720072,491.17381517409456,0.016050100326538,1,True
baseline,small_stable_seed42,3,small,stable,42,3,552277686.7837336,,56.4843758197804,17821.311832720072,491.17381517409456,0.0148348808288574,1,True
baseline,small_stable_seed42,4,small,stable,42,4,552277686.7837336,,56.4843758197804,17821.311832720072,491.17381517409456,0.0158262252807617,1,True
baseline,small_stable_seed42,5,small,stable,42,5,552277686.7837336,,56.4843758197804,17821.311832720072,491.17381517409456,0.0177416801452636,1,True
cbc_exact,medium_seasonal_seed42,1,medium,seasonal,42,1,650515277.2701972,0.0,64.49855865029758,1490.7702570403335,0.0,12.392898797988892,0,True
cbc_exact,medium_stable_seed42,1,medium,stable,42,1,571263947.5397551,0.0,56.310303879501866,1109.2575942646663,571.3854174,12.516430139541626,0,True
cbc_exact,small_seasonal_seed42,1,small,seasonal,42,1,649963169.063035,0.0,64.3113093148575,1372.5870545008331,0.0,6.22697114944458,0,True
cbc_exact,small_stable_seed42,1,small,stable,42,1,571535746.9501077,0.0,56.17383829599589,946.5235453895832,491.173815,6.624823808670044,0,True
de,medium_seasonal_seed42,1,medium,seasonal,42,1,629260930.8883402,,64.65504296253151,19558.75971925111,0.0,450.8653519153595,6247,True
de,medium_seasonal_seed42,2,medium,seasonal,42,2,629260930.8883402,,64.65504296253151,19558.75971925111,0.0,422.5616056919098,6217,True
de,medium_seasonal_seed42,3,medium,seasonal,42,3,629260930.8883402,,64.65504296253151,19558.75971925111,0.0,765.4090478420258,6251,True
de,medium_seasonal_seed42,4,medium,seasonal,42,4,629260930.8883402,,64.65504296253151,19558.75971925111,0.0,741.3451182842255,6271,True
de,medium_seasonal_seed42,5,medium,seasonal,42,5,629260930.8883402,,64.65504296253151,19558.75971925111,0.0,903.2622828483582,6223,True
de,medium_stable_seed42,1,medium,stable,42,1,551611597.6838298,,56.48101833972543,17939.98800711172,571.3854187049747,405.4519650936127,6243,True
de,medium_stable_seed42,2,medium,stable,42,2,551611597.6838298,,56.48101833972543,17939.98800711172,571.3854187049747,438.2810966968536,6213,True
de,medium_stable_seed42,3,medium,stable,42,3,551575019.6038299,,56.47938808850147,17938.48184044505,571.3854187049747,420.5383565425873,6250,True
de,medium_stable_seed42,4,medium,stable,42,4,551611597.6838298,,56.48101833972543,17939.98800711172,571.3854187049747,439.9918885231018,6268,True
de,medium_stable_seed42,5,medium,stable,42,5,551611597.6838298,,56.48101833972543,17939.98800711172,571.3854187049747,429.7686052322388,6223,True
de,small_seasonal_seed42,1,small,seasonal,42,1,628983266.5385001,,64.61016326626188,19524.82621872849,0.0,210.53884482383728,6247,True
de,small_seasonal_seed42,2,small,seasonal,42,2,628998735.6385002,,64.61105927248101,19525.967677061817,0.0,194.1546185016632,6227,True
de,small_seasonal_seed42,3,small,seasonal,42,3,628998735.6385002,,64.61105927248101,19525.967677061817,0.0,197.29264736175537,6251,True
de,small_seasonal_seed42,4,small,seasonal,42,4,628998735.6385002,,64.61105927248101,19525.967677061817,0.0,192.12789583206177,6263,True
de,small_seasonal_seed42,5,small,seasonal,42,5,628998735.6385002,,64.61105927248101,19525.967677061817,0.0,182.36439061164856,6223,True
de,small_stable_seed42,1,small,stable,42,1,552277686.7837336,,56.4843758197804,17821.311832720072,491.17381517409456,226.45627069473267,6235,True
de,small_stable_seed42,2,small,stable,42,2,552277686.7837336,,56.4843758197804,17821.311832720072,491.17381517409456,200.03239369392395,6213,True
de,small_stable_seed42,3,small,stable,42,3,552277686.7837336,,56.4843758197804,17821.311832720072,491.17381517409456,214.0602524280548,6235,True
de,small_stable_seed42,4,small,stable,42,4,552260009.2837336,,56.48360862406969,17821.243082720073,491.17381517409456,218.6779341697693,6268,True
de,small_stable_seed42,5,small,stable,42,5,552277686.7837336,,56.4843758197804,17821.311832720072,491.17381517409456,202.1818206310272,6223,True
ga,medium_seasonal_seed42,1,medium,seasonal,42,1,629260930.8883402,,64.65504296253151,19558.75971925111,0.0,568.8820140361786,8669,True
ga,medium_seasonal_seed42,2,medium,seasonal,42,2,629260930.8883402,,64.65504296253151,19558.75971925111,0.0,475.1696031093597,7227,True
ga,medium_seasonal_seed42,3,medium,seasonal,42,3,629260930.8883402,,64.65504296253151,19558.75971925111,0.0,624.008574962616,8111,True
ga,medium_seasonal_seed42,4,medium,seasonal,42,4,629260930.8883402,,64.65504296253151,19558.75971925111,0.0,628.4787425994873,8747,True
ga,medium_seasonal_seed42,5,medium,seasonal,42,5,629260930.8883402,,64.65504296253151,19558.75971925111,0.0,621.9411039352417,8271,True
ga,medium_stable_seed42,1,medium,stable,42,1,551611597.6838298,,56.48101833972543,17939.98800711172,571.3854187049747,297.72983741760254,7148,True
ga,medium_stable_seed42,2,medium,stable,42,2,551611597.6838298,,56.48101833972543,17939.98800711172,571.3854187049747,298.3967034816742,7149,True
ga,medium_stable_seed42,3,medium,stable,42,3,551611597.6838298,,56.48101833972543,17939.98800711172,571.3854187049747,337.1019415855408,7394,True
ga,medium_stable_seed42,4,medium,stable,42,4,551611597.6838298,,56.48101833972543,17939.98800711172,571.3854187049747,419.7211408615112,8347,True
ga,medium_stable_seed42,5,medium,stable,42,5,551611597.6838298,,56.48101833972543,17939.98800711172,571.3854187049747,530.7868649959564,8113,True
ga,small_seasonal_seed42,1,small,seasonal,42,1,628998735.6385002,,64.61105927248101,19525.967677061817,0.0,102.2871913909912,9709,True
ga,small_seasonal_seed42,2,small,seasonal,42,2,628998735.6385002,,64.61105927248101,19525.967677061817,0.0,95.7614438533783,9071,True
ga,small_seasonal_seed42,3,small,seasonal,42,3,628998735.6385002,,64.61105927248101,19525.967677061817,0.0,107.00446271896362,9713,True
ga,small_seasonal_seed42,4,small,seasonal,42,4,628998735.6385002,,64.61105927248101,19525.967677061817,0.0,90.82123374938963,8350,True
ga,small_seasonal_seed42,5,small,seasonal,42,5,628998735.6385002,,64.61105927248101,19525.967677061817,0.0,95.11187481880188,8594,True
ga,small_stable_seed42,1,small,stable,42,1,552277686.7837336,,56.4843758197804,17821.311832720072,491.17381517409456,79.96315956115723,7867,True
ga,small_stable_seed42,2,small,stable,42,2,552277686.7837336,,56.4843758197804,17821.311832720072,491.17381517409456,90.50152254104614,8676,True
ga,small_stable_seed42,3,small,stable,42,3,552277686.7837336,,56.4843758197804,17821.311832720072,491.17381517409456,76.34074068069458,7394,True
ga,small_stable_seed42,4,small,stable,42,4,552277686.7837336,,56.4843758197804,17821.311832720072,491.17381517409456,85.9828519821167,8347,True
ga,small_stable_seed42,5,small,stable,42,5,552277686.7837336,,56.4843758197804,17821.311832720072,491.17381517409456,83.12668585777283,7872,True
ga_sa,medium_seasonal_seed42,1,medium,seasonal,42,1,629260930.8883402,,64.65504296253151,19558.75971925111,0.0,601.7295844554901,5105,True
ga_sa,medium_seasonal_seed42,2,medium,seasonal,42,2,629260930.8883402,,64.65504296253151,19558.75971925111,0.0,473.3803560733795,5067,True
ga_sa,medium_seasonal_seed42,3,medium,seasonal,42,3,629260930.8883402,,64.65504296253151,19558.75971925111,0.0,501.3129894733429,5694,True
ga_sa,medium_seasonal_seed42,4,medium,seasonal,42,4,629260930.8883402,,64.65504296253151,19558.75971925111,0.0,423.87857580184937,5767,True
ga_sa,medium_seasonal_seed42,5,medium,seasonal,42,5,629260930.8883402,,64.65504296253151,19558.75971925111,0.0,517.912887096405,5727,True
ga_sa,medium_stable_seed42,1,medium,stable,42,1,551611597.6838298,,56.48101833972543,17939.98800711172,571.3854187049747,608.9608845710754,4600,True
ga_sa,medium_stable_seed42,2,medium,stable,42,2,551611597.6838298,,56.48101833972543,17939.98800711172,571.3854187049747,681.5592269897461,5067,True
ga_sa,medium_stable_seed42,3,medium,stable,42,3,551611597.6838298,,56.48101833972543,17939.98800711172,571.3854187049747,682.6206789016724,5694,True
ga_sa,medium_stable_seed42,4,medium,stable,42,4,551611597.6838298,,56.48101833972543,17939.98800711172,571.3854187049747,710.7272562980652,6313,True
ga_sa,medium_stable_seed42,5,medium,stable,42,5,551611597.6838298,,56.48101833972543,17939.98800711172,571.3854187049747,609.0934834480286,5342,True
ga_sa,small_seasonal_seed42,1,small,seasonal,42,1,628998735.6385002,,64.61105927248101,19525.967677061817,0.0,288.7651653289795,5105,True
ga_sa,small_seasonal_seed42,2,small,seasonal,42,2,628998735.6385002,,64.61105927248101,19525.967677061817,0.0,263.4031388759613,4520,True
ga_sa,small_seasonal_seed42,3,small,seasonal,42,3,628998735.6385002,,64.61105927248101,19525.967677061817,0.0,286.6311709880829,5694,True
ga_sa,small_seasonal_seed42,4,small,seasonal,42,4,628998735.6385002,,64.61105927248101,19525.967677061817,0.0,289.008734703064,5186,True
ga_sa,small_seasonal_seed42,5,small,seasonal,42,5,628998735.6385002,,64.61105927248101,19525.967677061817,0.0,366.8076527118683,5267,True
ga_sa,small_stable_seed42,1,small,stable,42,1,552277686.7837336,,56.4843758197804,17821.311832720072,491.17381517409456,138.36932373046875,4716,True
ga_sa,small_stable_seed42,2,small,stable,42,2,552277686.7837336,,56.4843758197804,17821.311832720072,491.17381517409456,164.06068015098572,5067,True
ga_sa,small_stable_seed42,3,small,stable,42,3,552277686.7837336,,56.4843758197804,17821.311832720072,491.17381517409456,190.6720051765442,5694,True
ga_sa,small_stable_seed42,4,small,stable,42,4,552277686.7837336,,56.4843758197804,17821.311832720072,491.17381517409456,184.89765906333923,5730,True
ga_sa,small_stable_seed42,5,small,stable,42,5,552277686.7837336,,56.4843758197804,17821.311832720072,491.17381517409456,329.5237708091736,5342,True
sa,medium_seasonal_seed42,1,medium,seasonal,42,1,594191634.9100871,,62.77657830562712,18142.81374413819,0.0,56.67153096199036,788,True
sa,medium_seasonal_seed42,2,medium,seasonal,42,2,603402768.9823375,,63.26570702371584,18557.79567190393,0.0,70.23522138595581,771,True
sa,medium_seasonal_seed42,3,medium,seasonal,42,3,613745193.7026081,,63.809069234564674,18836.336798681317,0.0,56.39232802391052,801,True
sa,medium_seasonal_seed42,4,medium,seasonal,42,4,593429214.2142136,,62.76022897886188,18433.569773232317,0.0,50.2339129447937,744,True
sa,medium_seasonal_seed42,5,medium,seasonal,42,5,504259752.63210654,,58.23135046844124,16808.68884805618,0.0,64.41642761230469,792,True
sa,medium_stable_seed42,1,medium,stable,42,1,537920676.7897112,,55.884135558006,17652.146453046873,490.4914215085977,52.17445731163025,760,True
sa,medium_stable_seed42,2,medium,stable,42,2,523523524.1474557,,55.25193539000927,17224.759209960957,373.1034121482811,52.89300179481506,771,True
sa,medium_stable_seed42,3,medium,stable,42,3,534486512.4824994,,55.72702714864332,17413.36885640415,571.3854187049747,48.355857372283936,801,True
sa,medium_stable_seed42,4,medium,stable,42,4,513405985.2049587,,54.8155383008948,17109.74440197685,473.91817106966926,45.886534452438354,744,True
sa,medium_stable_seed42,5,medium,stable,42,5,422307610.15043366,,50.85551527902192,15294.323908211045,429.5427019377677,47.88346934318543,793,True
sa,small_seasonal_seed42,1,small,seasonal,42,1,617093617.8433031,,63.963144804907,19090.97027296289,0.0,24.10001921653748,760,True
sa,small_seasonal_seed42,2,small,seasonal,42,2,603731580.3764673,,63.24110506324851,18487.27812096315,0.0,33.949888467788696,771,True
sa,small_seasonal_seed42,3,small,seasonal,42,3,614037009.9883424,,63.7812921141029,18757.30994890804,0.0,32.54509210586548,801,True
sa,small_seasonal_seed42,4,small,seasonal,42,4,565215940.8714786,,61.3117961475356,18170.696457497583,0.0,18.0703866481781,754,True
sa,small_seasonal_seed42,5,small,seasonal,42,5,503242343.4292421,,58.13020606423858,16482.397163626265,0.0,25.82512187957764,793,True
sa,small_stable_seed42,1,small,stable,42,1,514861522.9600281,,54.84201446379766,16753.084546356567,397.9738151740946,21.637690544128414,788,True
sa,small_stable_seed42,2,small,stable,42,2,524189622.5877597,,55.25661216976889,17104.982067712834,390.7738151740947,21.52828073501587,771,True
sa,small_stable_seed42,3,small,stable,42,3,535152615.1906085,,55.73127145886485,17294.601858588143,459.9738151740946,20.99852156639099,801,True
sa,small_stable_seed42,4,small,stable,42,4,514097407.2886095,,54.82167938883566,16990.709346427135,260.5138137232485,25.17213225364685,744,True
sa,small_stable_seed42,5,small,stable,42,5,422982141.8805967,,50.86564253511825,15174.626334766084,455.9738151740946,25.050922632217407,793,True
ga_sa,medium_seasonal_seed42,5,medium,seasonal,42,5,629260930.8883402,nan,64.65504296253151,19558.75971925111,0.0,239.8426637649536,5727,True
