parameter,delta,seed,z_value,gap_percent,service_level,avg_inventory,low_rotation_inventory,elapsed_seconds,n_evaluations,is_feasible,instance_name
prices,0.0,1,551611597.6838298,0.0,56.48101833972543,17939.98800711172,571.3854187049747,81.5410885810852,5260,True,medium_seed42_prices_+0%
prices,0.0,2,551611597.6838298,0.0,56.48101833972543,17939.98800711172,571.3854187049747,64.09850430488586,5727,True,medium_seed42_prices_+0%
prices,0.0,3,551611597.6838298,0.0,56.48101833972543,17939.98800711172,571.3854187049747,73.73217988014221,6354,True,medium_seed42_prices_+0%
prices,0.0,4,551611597.6838298,0.0,56.48101833972543,17939.98800711172,571.3854187049747,102.44640731811523,6973,True,medium_seed42_prices_+0%
prices,0.0,5,551611597.6838298,0.0,56.48101833972543,17939.98800711172,571.3854187049747,104.45742058753967,6272,True,medium_seed42_prices_+0%
prices,0.0,6,551611597.6838298,0.0,56.48101833972543,17939.98800711172,571.3854187049747,103.83863520622253,5963,True,medium_seed42_prices_+0%
prices,0.0,7,551611597.6838298,0.0,56.48101833972543,17939.98800711172,571.3854187049747,126.26444673538208,6274,True,medium_seed42_prices_+0%
prices,0.0,8,551611597.6838298,0.0,56.48101833972543,17939.98800711172,571.3854187049747,107.09885334968567,5649,True,medium_seed42_prices_+0%
prices,0.0,9,551611597.6838298,0.0,56.48101833972543,17939.98800711172,571.3854187049747,130.68385767936707,6969,True,medium_seed42_prices_+0%
prices,0.0,10,551611597.6838298,0.0,56.48101833972543,17939.98800711172,571.3854187049747,105.00676584243774,5729,True,medium_seed42_prices_+0%
prices,0.0,11,551611597.6838298,0.0,56.48101833972543,17939.98800711172,571.3854187049747,156.68579173088074,8136,True,medium_seed42_prices_+0%
prices,0.0,12,551611597.6838298,0.0,56.48101833972543,17939.98800711172,571.3854187049747,99.1316065788269,5731,True,medium_seed42_prices_+0%
prices,0.0,13,551611597.6838298,0.0,56.48101833972543,17939.98800711172,571.3854187049747,142.18262219429016,5336,True,medium_seed42_prices_+0%
prices,0.0,14,551611597.6838298,0.0,56.48101833972543,17939.98800711172,571.3854187049747,98.57951092720032,6466,True,medium_seed42_prices_+0%
prices,0.0,15,551611597.6838298,0.0,56.48101833972543,17939.98800711172,571.3854187049747,84.39566493034363,6353,True,medium_seed42_prices_+0%
prices,0.0,16,551611597.6838298,0.0,56.48101833972543,17939.98800711172,571.3854187049747,96.14014387130737,5958,True,medium_seed42_prices_+0%
prices,0.0,17,551611597.6838298,0.0,56.48101833972543,17939.98800711172,571.3854187049747,126.28386116027832,7091,True,medium_seed42_prices_+0%
prices,0.0,18,551611597.6838298,0.0,56.48101833972543,17939.98800711172,571.3854187049747,106.58217525482178,5800,True,medium_seed42_prices_+0%
prices,0.0,19,551611597.6838298,0.0,56.48101833972543,17939.98800711172,571.3854187049747,97.153883934021,5305,True,medium_seed42_prices_+0%
prices,0.0,20,551611597.6838298,0.0,56.48101833972543,17939.98800711172,571.3854187049747,126.86645078659058,6974,True,medium_seed42_prices_+0%
prices,0.0,21,551611597.6838298,0.0,56.48101833972543,17939.98800711172,571.3854187049747,92.88555908203125,5260,True,medium_seed42_prices_+0%
prices,0.0,22,551611597.6838298,0.0,56.48101833972543,17939.98800711172,571.3854187049747,102.00988864898682,6591,True,medium_seed42_prices_+0%
prices,0.0,23,551611597.6838298,0.0,56.48101833972543,17939.98800711172,571.3854187049747,90.78415846824646,6314,True,medium_seed42_prices_+0%
prices,0.0,24,551611597.6838298,0.0,56.48101833972543,17939.98800711172,571.3854187049747,91.99287271499634,6308,True,medium_seed42_prices_+0%
prices,0.0,25,551611597.6838298,0.0,56.48101833972543,17939.98800711172,571.3854187049747,88.8180103302002,5926,True,medium_seed42_prices_+0%
prices,0.0,26,551611597.6838298,0.0,56.48101833972543,17939.98800711172,571.3854187049747,58.07332992553711,5767,True,medium_seed42_prices_+0%
prices,0.0,27,551611597.6838298,0.0,56.48101833972543,17939.98800711172,571.3854187049747,54.57421326637268,5850,True,medium_seed42_prices_+0%
prices,0.0,28,551611597.6838298,0.0,56.48101833972543,17939.98800711172,571.3854187049747,68.85239839553833,6278,True,medium_seed42_prices_+0%
prices,0.0,29,551611597.6838298,0.0,56.48101833972543,17939.98800711172,571.3854187049747,106.09141445159912,5848,True,medium_seed42_prices_+0%
prices,0.0,30,551611597.6838298,0.0,56.48101833972543,17939.98800711172,571.3854187049747,134.71996021270752,6941,True,medium_seed42_prices_+0%
prices,-0.2,1,411781441.44272476,25.349386566243343,56.48101833972543,17939.98800711172,571.3854187049747,112.04217624664307,5260,True,medium_seed42_prices_-20%
prices,-0.2,2,411781441.44272476,25.349386566243343,56.48101833972543,17939.98800711172,571.3854187049747,125.14502692222595,5765,True,medium_seed42_prices_-20%
prices,-0.2,3,411781441.44272476,25.349386566243343,56.48101833972543,17939.98800711172,571.3854187049747,134.18678283691406,6354,True,medium_seed42_prices_-20%
prices,-0.2,4,411781441.44272476,25.349386566243343,56.48101833972543,17939.98800711172,571.3854187049747,136.48425126075745,6973,True,medium_seed42_prices_-20%
prices,-0.2,5,411781441.44272476,25.349386566243343,56.48101833972543,17939.98800711172,571.3854187049747,130.3192422389984,6552,True,medium_seed42_prices_-20%
prices,-0.2,6,411781441.44272476,25.349386566243343,56.48101833972543,17939.98800711172,571.3854187049747,129.68391156196594,5723,True,medium_seed42_prices_-20%
prices,-0.2,7,411781441.44272476,25.349386566243343,56.48101833972543,17939.98800711172,571.3854187049747,130.90444087982178,5723,True,medium_seed42_prices_-20%
prices,-0.2,8,411781441.44272476,25.349386566243343,56.48101833972543,17939.98800711172,571.3854187049747,123.31473302841187,6311,True,medium_seed42_prices_-20%
prices,-0.2,9,411781441.44272476,25.349386566243343,56.48101833972543,17939.98800711172,571.3854187049747,111.4694414138794,6967,True,medium_seed42_prices_-20%
prices,-0.2,10,411781441.44272476,25.349386566243343,56.48101833972543,17939.98800711172,571.3854187049747,57.00456190109253,5729,True,medium_seed42_prices_-20%
prices,-0.2,11,411781441.44272476,25.349386566243343,56.48101833972543,17939.98800711172,571.3854187049747,60.29492521286011,6312,True,medium_seed42_prices_-20%
prices,-0.2,12,411781441.44272476,25.349386566243343,56.48101833972543,17939.98800711172,571.3854187049747,83.81093215942383,6350,True,medium_seed42_prices_-20%
prices,-0.2,13,411781441.44272476,25.349386566243343,56.48101833972543,17939.98800711172,571.3854187049747,75.88002562522888,5336,True,medium_seed42_prices_-20%
prices,-0.2,14,411781441.44272476,25.349386566243343,56.48101833972543,17939.98800711172,571.3854187049747,78.63260388374329,5019,True,medium_seed42_prices_-20%
prices,-0.2,15,411781441.44272476,25.349386566243343,56.48101833972543,17939.98800711172,571.3854187049747,93.65317153930664,6511,True,medium_seed42_prices_-20%
prices,-0.2,16,411781441.44272476,25.349386566243343,56.48101833972543,17939.98800711172,571.3854187049747,93.22342538833618,5958,True,medium_seed42_prices_-20%
prices,-0.2,17,411781441.44272476,25.349386566243343,56.48101833972543,17939.98800711172,571.3854187049747,79.42842078208923,5347,True,medium_seed42_prices_-20%
prices,-0.2,18,411781441.44272476,25.349386566243343,56.48101833972543,17939.98800711172,571.3854187049747,80.92065906524658,5768,True,medium_seed42_prices_-20%
prices,-0.2,19,411781441.44272476,25.349386566243343,56.48101833972543,17939.98800711172,571.3854187049747,100.73601293563843,6592,True,medium_seed42_prices_-20%
prices,-0.2,20,411781441.44272476,25.349386566243343,56.48101833972543,17939.98800711172,571.3854187049747,103.81351685523987,6474,True,medium_seed42_prices_-20%
prices,-0.2,21,411781441.44272476,25.349386566243343,56.48101833972543,17939.98800711172,571.3854187049747,74.60825490951538,5646,True,medium_seed42_prices_-20%
prices,-0.2,22,411781441.44272476,25.349386566243343,56.48101833972543,17939.98800711172,571.3854187049747,75.60026812553406,5342,True,medium_seed42_prices_-20%
prices,-0.2,23,411781441.44272476,25.349386566243343,56.48101833972543,17939.98800711172,571.3854187049747,68.21704888343811,5848,True,medium_seed42_prices_-20%
prices,-0.2,24,411781441.44272476,25.349386566243343,56.48101833972543,17939.98800711172,571.3854187049747,64.91182470321655,6351,True,medium_seed42_prices_-20%
prices,-0.2,25,411781441.44272476,25.349386566243343,56.48101833972543,17939.98800711172,571.3854187049747,95.21045756340027,5926,True,medium_seed42_prices_-20%
prices,-0.2,26,411781441.44272476,25.349386566243343,56.48101833972543,17939.98800711172,571.3854187049747,98.69491410255432,5767,True,medium_seed42_prices_-20%
prices,-0.2,27,411781441.44272476,25.349386566243343,56.48101833972543,17939.98800711172,571.3854187049747,102.90917444229126,5850,True,medium_seed42_prices_-20%
prices,-0.2,28,411781441.44272476,25.349386566243343,56.48101833972543,17939.98800711172,571.3854187049747,92.3684630393982,5344,True,medium_seed42_prices_-20%
prices,-0.2,29,411781441.44272476,25.349386566243343,56.48101833972543,17939.98800711172,571.3854187049747,103.9835958480835,5960,True,medium_seed42_prices_-20%
prices,-0.2,30,411781441.44272476,25.349386566243343,56.48101833972543,17939.98800711172,571.3854187049747,88.7550778388977,5649,True,medium_seed42_prices_-20%
prices,-0.1,1,481696519.56327707,12.67469328312171,56.48101833972543,17939.98800711172,571.3854187049747,82.68346118927002,5260,True,medium_seed42_prices_-10%
prices,-0.1,2,481696519.56327707,12.67469328312171,56.48101833972543,17939.98800711172,571.3854187049747,203.94754576683044,5765,True,medium_seed42_prices_-10%
prices,-0.1,3,481696519.56327707,12.67469328312171,56.48101833972543,17939.98800711172,571.3854187049747,334.83598375320435,6354,True,medium_seed42_prices_-10%
prices,-0.1,4,481696519.56327707,12.67469328312171,56.48101833972543,17939.98800711172,571.3854187049747,358.5346648693085,6973,True,medium_seed42_prices_-10%
prices,-0.1,5,481696519.56327707,12.67469328312171,56.48101833972543,17939.98800711172,571.3854187049747,319.87861824035645,6272,True,medium_seed42_prices_-10%
prices,-0.1,6,481696519.56327707,12.67469328312171,56.48101833972543,17939.98800711172,571.3854187049747,282.3138995170593,5963,True,medium_seed42_prices_-10%
prices,-0.1,7,481696519.56327707,12.67469328312171,56.48101833972543,17939.98800711172,571.3854187049747,266.5238378047943,5256,True,medium_seed42_prices_-10%
prices,-0.1,8,481696519.56327707,12.67469328312171,56.48101833972543,17939.98800711172,571.3854187049747,334.9920918941498,6311,True,medium_seed42_prices_-10%
prices,-0.1,9,481696519.56327707,12.67469328312171,56.48101833972543,17939.98800711172,571.3854187049747,385.61798119544983,6967,True,medium_seed42_prices_-10%
prices,-0.1,10,481696519.56327707,12.67469328312171,56.48101833972543,17939.98800711172,571.3854187049747,321.17218232154846,5729,True,medium_seed42_prices_-10%
prices,-0.1,11,481696519.56327707,12.67469328312171,56.48101833972543,17939.98800711172,571.3854187049747,421.6655783653259,8136,True,medium_seed42_prices_-10%
prices,-0.1,12,481696519.56327707,12.67469328312171,56.48101833972543,17939.98800711172,571.3854187049747,326.20507311820984,6350,True,medium_seed42_prices_-10%
prices,-0.1,13,481696519.56327707,12.67469328312171,56.48101833972543,17939.98800711172,571.3854187049747,257.558390378952,5336,True,medium_seed42_prices_-10%
prices,-0.1,14,481696519.56327707,12.67469328312171,56.48101833972543,17939.98800711172,571.3854187049747,305.3556065559387,6466,True,medium_seed42_prices_-10%
prices,-0.1,15,481696519.56327707,12.67469328312171,56.48101833972543,17939.98800711172,571.3854187049747,313.87978625297546,6353,True,medium_seed42_prices_-10%
prices,-0.1,16,481696519.56327707,12.67469328312171,56.48101833972543,17939.98800711172,571.3854187049747,313.73693561553955,5958,True,medium_seed42_prices_-10%
prices,-0.1,17,481696519.56327707,12.67469328312171,56.48101833972543,17939.98800711172,571.3854187049747,392.6708846092224,7091,True,medium_seed42_prices_-10%
prices,-0.1,18,481696519.56327707,12.67469328312171,56.48101833972543,17939.98800711172,571.3854187049747,154.81135749816895,5644,True,medium_seed42_prices_-10%
prices,-0.1,19,481696519.56327707,12.67469328312171,56.48101833972543,17939.98800711172,571.3854187049747,127.72654294967651,5305,True,medium_seed42_prices_-10%
prices,-0.1,20,481696519.56327707,12.67469328312171,56.48101833972543,17939.98800711172,571.3854187049747,185.62324142456055,7175,True,medium_seed42_prices_-10%
prices,-0.1,21,481696519.56327707,12.67469328312171,56.48101833972543,17939.98800711172,571.3854187049747,104.60861349105835,5340,True,medium_seed42_prices_-10%
prices,-0.1,22,481696519.56327707,12.67469328312171,56.48101833972543,17939.98800711172,571.3854187049747,111.7945020198822,5965,True,medium_seed42_prices_-10%
prices,-0.1,23,481696519.56327707,12.67469328312171,56.48101833972543,17939.98800711172,571.3854187049747,116.6978063583374,6314,True,medium_seed42_prices_-10%
prices,-0.1,24,481696519.56327707,12.67469328312171,56.48101833972543,17939.98800711172,571.3854187049747,124.96199250221252,6308,True,medium_seed42_prices_-10%
prices,-0.1,25,481696519.56327707,12.67469328312171,56.48101833972543,17939.98800711172,571.3854187049747,128.2179934978485,5926,True,medium_seed42_prices_-10%
prices,-0.1,26,481696519.56327707,12.67469328312171,56.48101833972543,17939.98800711172,571.3854187049747,100.0888364315033,5767,True,medium_seed42_prices_-10%
prices,-0.1,27,481696519.56327707,12.67469328312171,56.48101833972543,17939.98800711172,571.3854187049747,82.04768657684326,5850,True,medium_seed42_prices_-10%
prices,-0.1,28,481696519.56327707,12.67469328312171,56.48101833972543,17939.98800711172,571.3854187049747,84.39331698417664,5886,True,medium_seed42_prices_-10%
prices,-0.1,29,481696519.56327707,12.67469328312171,56.48101833972543,17939.98800711172,571.3854187049747,65.00231409072876,5646,True,medium_seed42_prices_-10%
prices,-0.1,30,481696519.56327707,12.67469328312171,56.48101833972543,17939.98800711172,571.3854187049747,55.57823181152344,6429,True,medium_seed42_prices_-10%
prices,0.1,1,621526675.8043852,-12.674693283122195,56.48101833972543,17939.98800711172,571.3854187049747,56.203781604766846,5646,True,medium_seed42_prices_+10%
prices,0.1,2,621526675.8043852,-12.674693283122195,56.48101833972543,17939.98800711172,571.3854187049747,76.05557370185852,5766,True,medium_seed42_prices_+10%
prices,0.1,3,621526675.8043852,-12.674693283122195,56.48101833972543,17939.98800711172,571.3854187049747,99.53199100494385,6354,True,medium_seed42_prices_+10%
prices,0.1,4,621526675.8043852,-12.674693283122195,56.48101833972543,17939.98800711172,571.3854187049747,99.11253094673157,6274,True,medium_seed42_prices_+10%
prices,0.1,5,621526675.8043852,-12.674693283122195,56.48101833972543,17939.98800711172,571.3854187049747,181.35098385810852,6272,True,medium_seed42_prices_+10%
prices,0.1,6,621526675.8043852,-12.674693283122195,56.48101833972543,17939.98800711172,571.3854187049747,174.67108368873596,5963,True,medium_seed42_prices_+10%
prices,0.1,7,621526675.8043852,-12.674693283122195,56.48101833972543,17939.98800711172,571.3854187049747,133.1736123561859,5768,True,medium_seed42_prices_+10%
prices,0.1,8,621526675.8043852,-12.674693283122195,56.48101833972543,17939.98800711172,571.3854187049747,113.86071157455444,5649,True,medium_seed42_prices_+10%
prices,0.1,9,621526675.8043852,-12.674693283122195,56.48101833972543,17939.98800711172,571.3854187049747,154.55559253692627,5848,True,medium_seed42_prices_+10%
prices,0.1,10,621526675.8043852,-12.674693283122195,56.48101833972543,17939.98800711172,571.3854187049747,129.0834605693817,5847,True,medium_seed42_prices_+10%
prices,0.1,11,621526675.8043852,-12.674693283122195,56.48101833972543,17939.98800711172,571.3854187049747,105.6931505203247,5844,True,medium_seed42_prices_+10%
prices,0.1,12,621526675.8043852,-12.674693283122195,56.48101833972543,17939.98800711172,571.3854187049747,114.94944477081299,5731,True,medium_seed42_prices_+10%
prices,0.1,13,621526675.8043852,-12.674693283122195,56.48101833972543,17939.98800711172,571.3854187049747,104.0884747505188,5883,True,medium_seed42_prices_+10%
prices,0.1,14,621526675.8043852,-12.674693283122195,56.48101833972543,17939.98800711172,571.3854187049747,64.45254349708557,6466,True,medium_seed42_prices_+10%
prices,0.1,15,621526675.8043852,-12.674693283122195,56.48101833972543,17939.98800711172,571.3854187049747,76.69493865966797,6353,True,medium_seed42_prices_+10%
prices,0.1,16,621526675.8043852,-12.674693283122195,56.48101833972543,17939.98800711172,571.3854187049747,100.17574286460876,5258,True,medium_seed42_prices_+10%
prices,0.1,17,621526675.8043852,-12.674693283122195,56.48101833972543,17939.98800711172,571.3854187049747,133.0027630329132,7091,True,medium_seed42_prices_+10%
prices,0.1,18,621526675.8043852,-12.674693283122195,56.48101833972543,17939.98800711172,571.3854187049747,113.52555274963379,5800,True,medium_seed42_prices_+10%
prices,0.1,19,621526675.8043852,-12.674693283122195,56.48101833972543,17939.98800711172,571.3854187049747,102.93333911895752,5693,True,medium_seed42_prices_+10%
prices,0.1,20,621526675.8043852,-12.674693283122195,56.48101833972543,17939.98800711172,571.3854187049747,144.86606669425964,6974,True,medium_seed42_prices_+10%
prices,0.1,21,621526675.8043852,-12.674693283122195,56.48101833972543,17939.98800711172,571.3854187049747,125.56577968597412,5808,True,medium_seed42_prices_+10%
prices,0.1,22,621526675.8043852,-12.674693283122195,56.48101833972543,17939.98800711172,571.3854187049747,124.04840755462646,6591,True,medium_seed42_prices_+10%
prices,0.1,23,621526675.8043852,-12.674693283122195,56.48101833972543,17939.98800711172,571.3854187049747,104.0581464767456,6431,True,medium_seed42_prices_+10%
prices,0.1,24,621526675.8043852,-12.674693283122195,56.48101833972543,17939.98800711172,571.3854187049747,72.02445197105408,4714,True,medium_seed42_prices_+10%
prices,0.1,25,621526675.8043852,-12.674693283122195,56.48101833972543,17939.98800711172,571.3854187049747,104.91844606399536,5768,True,medium_seed42_prices_+10%
prices,0.1,26,621526675.8043852,-12.674693283122195,56.48101833972543,17939.98800711172,571.3854187049747,84.53776574134827,5767,True,medium_seed42_prices_+10%
prices,0.1,27,621526675.8043852,-12.674693283122195,56.48101833972543,17939.98800711172,571.3854187049747,99.11254048347473,5850,True,medium_seed42_prices_+10%
prices,0.1,28,621526675.8043852,-12.674693283122195,56.48101833972543,17939.98800711172,571.3854187049747,164.62842392921448,6585,True,medium_seed42_prices_+10%
prices,0.1,29,621526675.8043852,-12.674693283122195,56.48101833972543,17939.98800711172,571.3854187049747,125.11424016952515,5733,True,medium_seed42_prices_+10%
prices,0.1,30,621526675.8043852,-12.674693283122195,56.48101833972543,17939.98800711172,571.3854187049747,213.7127058506012,7525,True,medium_seed42_prices_+10%
prices,0.2,1,691441753.9249368,-25.349386566243698,56.48101833972543,17939.98800711172,571.3854187049747,183.43200755119324,5646,True,medium_seed42_prices_+20%
prices,0.2,2,691441753.9249368,-25.349386566243698,56.48101833972543,17939.98800711172,571.3854187049747,150.77994537353516,5766,True,medium_seed42_prices_+20%
prices,0.2,3,691441753.9249368,-25.349386566243698,56.48101833972543,17939.98800711172,571.3854187049747,145.4427571296692,5921,True,medium_seed42_prices_+20%
prices,0.2,4,691441753.9249368,-25.349386566243698,56.48101833972543,17939.98800711172,571.3854187049747,103.39557933807373,5262,True,medium_seed42_prices_+20%
prices,0.2,5,691441753.9249368,-25.349386566243698,56.48101833972543,17939.98800711172,571.3854187049747,99.67107319831848,6272,True,medium_seed42_prices_+20%
prices,0.2,6,691441753.9249368,-25.349386566243698,56.48101833972543,17939.98800711172,571.3854187049747,92.58694171905518,5963,True,medium_seed42_prices_+20%
prices,0.2,7,691441753.9249368,-25.349386566243698,56.48101833972543,17939.98800711172,571.3854187049747,91.16393733024597,5768,True,medium_seed42_prices_+20%
prices,0.2,8,691441753.9249368,-25.349386566243698,56.48101833972543,17939.98800711172,571.3854187049747,80.50242567062378,5649,True,medium_seed42_prices_+20%
prices,0.2,9,691441753.9249368,-25.349386566243698,56.48101833972543,17939.98800711172,571.3854187049747,110.80318641662598,7093,True,medium_seed42_prices_+20%
prices,0.2,10,691441753.9249368,-25.349386566243698,56.48101833972543,17939.98800711172,571.3854187049747,52.64552092552185,5730,True,medium_seed42_prices_+20%
prices,0.2,11,691441753.9249368,-25.349386566243698,56.48101833972543,17939.98800711172,571.3854187049747,55.79137349128723,5844,True,medium_seed42_prices_+20%
prices,0.2,12,691441753.9249368,-25.349386566243698,56.48101833972543,17939.98800711172,571.3854187049747,83.06555271148682,5731,True,medium_seed42_prices_+20%
prices,0.2,13,691441753.9249368,-25.349386566243698,56.48101833972543,17939.98800711172,571.3854187049747,83.53836941719055,5883,True,medium_seed42_prices_+20%
prices,0.2,14,691441753.9249368,-25.349386566243698,56.48101833972543,17939.98800711172,571.3854187049747,97.61613655090332,6348,True,medium_seed42_prices_+20%
prices,0.2,15,691441753.9249368,-25.349386566243698,56.48101833972543,17939.98800711172,571.3854187049747,147.22793245315552,6353,True,medium_seed42_prices_+20%
prices,0.2,16,691441753.9249368,-25.349386566243698,56.48101833972543,17939.98800711172,571.3854187049747,175.3572654724121,5647,True,medium_seed42_prices_+20%
prices,0.2,17,691441753.9249368,-25.349386566243698,56.48101833972543,17939.98800711172,571.3854187049747,206.8347246646881,7091,True,medium_seed42_prices_+20%
prices,0.2,18,691441753.9249368,-25.349386566243698,56.48101833972543,17939.98800711172,571.3854187049747,136.72070288658142,5800,True,medium_seed42_prices_+20%
prices,0.2,19,691441753.9249368,-25.349386566243698,56.48101833972543,17939.98800711172,571.3854187049747,106.03550434112549,5693,True,medium_seed42_prices_+20%
prices,0.2,20,691441753.9249368,-25.349386566243698,56.48101833972543,17939.98800711172,571.3854187049747,155.3981831073761,6974,True,medium_seed42_prices_+20%
prices,0.2,21,691441753.9249368,-25.349386566243698,56.48101833972543,17939.98800711172,571.3854187049747,114.11580848693848,5066,True,medium_seed42_prices_+20%
prices,0.2,22,691441753.9249368,-25.349386566243698,56.48101833972543,17939.98800711172,571.3854187049747,136.6722857952118,5689,True,medium_seed42_prices_+20%
prices,0.2,23,691441753.9249368,-25.349386566243698,56.48101833972543,17939.98800711172,571.3854187049747,161.6397111415863,6431,True,medium_seed42_prices_+20%
prices,0.2,24,691441753.9249368,-25.349386566243698,56.48101833972543,17939.98800711172,571.3854187049747,129.7580280303955,6895,True,medium_seed42_prices_+20%
prices,0.2,25,691441753.9249368,-25.349386566243698,56.48101833972543,17939.98800711172,571.3854187049747,108.15008115768433,5768,True,medium_seed42_prices_+20%
prices,0.2,26,691441753.9249368,-25.349386566243698,56.48101833972543,17939.98800711172,571.3854187049747,95.82427716255188,5105,True,medium_seed42_prices_+20%
prices,0.2,27,691441753.9249368,-25.349386566243698,56.48101833972543,17939.98800711172,571.3854187049747,186.9869523048401,5850,True,medium_seed42_prices_+20%
prices,0.2,28,691441753.9249368,-25.349386566243698,56.48101833972543,17939.98800711172,571.3854187049747,161.86257457733154,5769,True,medium_seed42_prices_+20%
prices,0.2,29,691441753.9249368,-25.349386566243698,56.48101833972543,17939.98800711172,571.3854187049747,192.9768033027649,6587,True,medium_seed42_prices_+20%
prices,0.2,30,691441753.9249368,-25.349386566243698,56.48101833972543,17939.98800711172,571.3854187049747,192.09306478500366,7525,True,medium_seed42_prices_+20%
costs,0.0,1,551611597.6838298,0.0,56.48101833972543,17939.98800711172,571.3854187049747,125.09011745452881,5260,True,medium_seed42_costs_+0%
costs,0.0,2,551611597.6838298,0.0,56.48101833972543,17939.98800711172,571.3854187049747,190.04626655578613,5727,True,medium_seed42_costs_+0%
costs,0.0,3,551611597.6838298,0.0,56.48101833972543,17939.98800711172,571.3854187049747,224.88752698898315,6354,True,medium_seed42_costs_+0%
costs,0.0,4,551611597.6838298,0.0,56.48101833972543,17939.98800711172,571.3854187049747,248.47787928581238,6973,True,medium_seed42_costs_+0%
costs,0.0,5,551611597.6838298,0.0,56.48101833972543,17939.98800711172,571.3854187049747,119.17094016075134,6272,True,medium_seed42_costs_+0%
costs,0.0,6,551611597.6838298,0.0,56.48101833972543,17939.98800711172,571.3854187049747,100.34805631637573,5963,True,medium_seed42_costs_+0%
costs,0.0,7,551611597.6838298,0.0,56.48101833972543,17939.98800711172,571.3854187049747,121.5139307975769,6274,True,medium_seed42_costs_+0%
costs,0.0,8,551611597.6838298,0.0,56.48101833972543,17939.98800711172,571.3854187049747,116.36129903793335,5649,True,medium_seed42_costs_+0%
costs,0.0,9,551611597.6838298,0.0,56.48101833972543,17939.98800711172,571.3854187049747,186.87086153030396,6969,True,medium_seed42_costs_+0%
costs,0.0,10,551611597.6838298,0.0,56.48101833972543,17939.98800711172,571.3854187049747,97.48146986961365,5729,True,medium_seed42_costs_+0%
costs,0.0,11,551611597.6838298,0.0,56.48101833972543,17939.98800711172,571.3854187049747,99.92935824394226,8136,True,medium_seed42_costs_+0%
costs,0.0,12,551611597.6838298,0.0,56.48101833972543,17939.98800711172,571.3854187049747,104.0438141822815,5731,True,medium_seed42_costs_+0%
costs,0.0,13,551611597.6838298,0.0,56.48101833972543,17939.98800711172,571.3854187049747,150.9957103729248,5336,True,medium_seed42_costs_+0%
costs,0.0,14,551611597.6838298,0.0,56.48101833972543,17939.98800711172,571.3854187049747,134.00286173820496,6466,True,medium_seed42_costs_+0%
costs,0.0,15,551611597.6838298,0.0,56.48101833972543,17939.98800711172,571.3854187049747,139.72693133354187,6353,True,medium_seed42_costs_+0%
costs,0.0,16,551611597.6838298,0.0,56.48101833972543,17939.98800711172,571.3854187049747,108.89270949363708,5958,True,medium_seed42_costs_+0%
costs,0.0,17,551611597.6838298,0.0,56.48101833972543,17939.98800711172,571.3854187049747,118.69014763832092,7091,True,medium_seed42_costs_+0%
costs,0.0,18,551611597.6838298,0.0,56.48101833972543,17939.98800711172,571.3854187049747,96.8977198600769,5800,True,medium_seed42_costs_+0%
costs,0.0,19,551611597.6838298,0.0,56.48101833972543,17939.98800711172,571.3854187049747,88.78070449829102,5305,True,medium_seed42_costs_+0%
costs,0.0,20,551611597.6838298,0.0,56.48101833972543,17939.98800711172,571.3854187049747,120.85830187797546,6974,True,medium_seed42_costs_+0%
costs,0.0,21,551611597.6838298,0.0,56.48101833972543,17939.98800711172,571.3854187049747,88.00323510169983,5260,True,medium_seed42_costs_+0%
costs,0.0,22,551611597.6838298,0.0,56.48101833972543,17939.98800711172,571.3854187049747,109.03768801689148,6591,True,medium_seed42_costs_+0%
costs,0.0,23,551611597.6838298,0.0,56.48101833972543,17939.98800711172,571.3854187049747,92.22532057762146,6314,True,medium_seed42_costs_+0%
costs,0.0,24,551611597.6838298,0.0,56.48101833972543,17939.98800711172,571.3854187049747,81.00996041297913,6308,True,medium_seed42_costs_+0%
costs,0.0,25,551611597.6838298,0.0,56.48101833972543,17939.98800711172,571.3854187049747,88.19618487358093,5926,True,medium_seed42_costs_+0%
costs,0.0,26,551611597.6838298,0.0,56.48101833972543,17939.98800711172,571.3854187049747,94.33146595954895,5767,True,medium_seed42_costs_+0%
costs,0.0,27,551611597.6838298,0.0,56.48101833972543,17939.98800711172,571.3854187049747,98.77509140968323,5850,True,medium_seed42_costs_+0%
costs,0.0,28,551611597.6838298,0.0,56.48101833972543,17939.98800711172,571.3854187049747,107.29369831085205,6278,True,medium_seed42_costs_+0%
costs,0.0,29,551611597.6838298,0.0,56.48101833972543,17939.98800711172,571.3854187049747,98.51224994659424,5848,True,medium_seed42_costs_+0%
costs,0.0,30,551611597.6838298,0.0,56.48101833972543,17939.98800711172,571.3854187049747,112.31739664077759,6941,True,medium_seed42_costs_+0%
costs,-0.2,1,581119434.3881707,-5.349386566243681,56.48101833972543,17939.98800711172,571.3854187049747,91.07858514785767,5685,True,medium_seed42_costs_-20%
costs,-0.2,2,581119434.3881707,-5.349386566243681,56.48101833972543,17939.98800711172,571.3854187049747,93.55278754234314,5766,True,medium_seed42_costs_-20%
costs,-0.2,3,581119434.3881707,-5.349386566243681,56.48101833972543,17939.98800711172,571.3854187049747,101.76142716407776,5921,True,medium_seed42_costs_-20%
costs,-0.2,4,581119434.3881707,-5.349386566243681,56.48101833972543,17939.98800711172,571.3854187049747,88.62057209014893,5262,True,medium_seed42_costs_-20%
costs,-0.2,5,581119434.3881707,-5.349386566243681,56.48101833972543,17939.98800711172,571.3854187049747,100.66732406616211,6272,True,medium_seed42_costs_-20%
costs,-0.2,6,581119434.3881707,-5.349386566243681,56.48101833972543,17939.98800711172,571.3854187049747,87.19878697395325,5688,True,medium_seed42_costs_-20%
costs,-0.2,7,581119434.3881707,-5.349386566243681,56.48101833972543,17939.98800711172,571.3854187049747,73.40547585487366,5923,True,medium_seed42_costs_-20%
costs,-0.2,8,581119434.3881707,-5.349386566243681,56.48101833972543,17939.98800711172,571.3854187049747,85.76683950424194,6467,True,medium_seed42_costs_-20%
costs,-0.2,9,581119434.3881707,-5.349386566243681,56.48101833972543,17939.98800711172,571.3854187049747,115.19199323654175,7093,True,medium_seed42_costs_-20%
costs,-0.2,10,581119434.3881707,-5.349386566243681,56.48101833972543,17939.98800711172,571.3854187049747,98.28513479232788,5730,True,medium_seed42_costs_-20%
costs,-0.2,11,581119434.3881707,-5.349386566243681,56.48101833972543,17939.98800711172,571.3854187049747,100.47435188293457,5844,True,medium_seed42_costs_-20%
costs,-0.2,12,581119434.3881707,-5.349386566243681,56.48101833972543,17939.98800711172,571.3854187049747,97.54145836830139,5731,True,medium_seed42_costs_-20%
costs,-0.2,13,581119434.3881707,-5.349386566243681,56.48101833972543,17939.98800711172,571.3854187049747,102.63629651069641,5883,True,medium_seed42_costs_-20%
costs,-0.2,14,581119434.3881707,-5.349386566243681,56.48101833972543,17939.98800711172,571.3854187049747,104.8156065940857,6348,True,medium_seed42_costs_-20%
costs,-0.2,15,581119434.3881707,-5.349386566243681,56.48101833972543,17939.98800711172,571.3854187049747,106.46416091918945,6353,True,medium_seed42_costs_-20%
costs,-0.2,16,581119434.3881707,-5.349386566243681,56.48101833972543,17939.98800711172,571.3854187049747,207.10745906829834,5726,True,medium_seed42_costs_-20%
costs,-0.2,17,581119434.3881707,-5.349386566243681,56.48101833972543,17939.98800711172,571.3854187049747,254.77239656448364,6354,True,medium_seed42_costs_-20%
costs,-0.2,18,581119434.3881707,-5.349386566243681,56.48101833972543,17939.98800711172,571.3854187049747,202.87896752357483,5800,True,medium_seed42_costs_-20%
costs,-0.2,19,581119434.3881707,-5.349386566243681,56.48101833972543,17939.98800711172,571.3854187049747,256.7842147350311,5693,True,medium_seed42_costs_-20%
costs,-0.2,20,581119434.3881707,-5.349386566243681,56.48101833972543,17939.98800711172,571.3854187049747,243.05946350097656,6935,True,medium_seed42_costs_-20%
costs,-0.2,21,581119434.3881707,-5.349386566243681,56.48101833972543,17939.98800711172,571.3854187049747,107.66339373588562,5066,True,medium_seed42_costs_-20%
costs,-0.2,22,581119434.3881707,-5.349386566243681,56.48101833972543,17939.98800711172,571.3854187049747,142.77231121063232,5689,True,medium_seed42_costs_-20%
costs,-0.2,23,581119434.3881707,-5.349386566243681,56.48101833972543,17939.98800711172,571.3854187049747,163.9461534023285,6431,True,medium_seed42_costs_-20%
costs,-0.2,24,581119434.3881707,-5.349386566243681,56.48101833972543,17939.98800711172,571.3854187049747,172.1347894668579,6895,True,medium_seed42_costs_-20%
costs,-0.2,25,581119434.3881707,-5.349386566243681,56.48101833972543,17939.98800711172,571.3854187049747,142.25354075431824,5768,True,medium_seed42_costs_-20%
costs,-0.2,26,581119434.3881707,-5.349386566243681,56.48101833972543,17939.98800711172,571.3854187049747,128.80290532112122,5105,True,medium_seed42_costs_-20%
costs,-0.2,27,581119434.3881707,-5.349386566243681,56.48101833972543,17939.98800711172,571.3854187049747,122.46293425559998,5850,True,medium_seed42_costs_-20%
costs,-0.2,28,581119434.3881707,-5.349386566243681,56.48101833972543,17939.98800711172,571.3854187049747,120.09600377082825,5769,True,medium_seed42_costs_-20%
demand_variability,0.0,1,551611597.6838298,0.0,56.48101833972543,17939.98800711172,571.3854187049747,59.22059345245361,5260,True,medium_seed42_demvar_+0%
demand_variability,0.0,2,551611597.6838298,0.0,56.48101833972543,17939.98800711172,571.3854187049747,58.85053014755249,5727,True,medium_seed42_demvar_+0%
demand_variability,0.0,3,551611597.6838298,0.0,56.48101833972543,17939.98800711172,571.3854187049747,64.13656616210938,6354,True,medium_seed42_demvar_+0%
demand_variability,0.0,4,551611597.6838298,0.0,56.48101833972543,17939.98800711172,571.3854187049747,64.25646543502808,6973,True,medium_seed42_demvar_+0%
demand_variability,0.0,5,551611597.6838298,0.0,56.48101833972543,17939.98800711172,571.3854187049747,64.88944101333618,6272,True,medium_seed42_demvar_+0%
demand_variability,0.0,6,551611597.6838298,0.0,56.48101833972543,17939.98800711172,571.3854187049747,63.173415660858154,5963,True,medium_seed42_demvar_+0%
demand_variability,0.0,7,551611597.6838298,0.0,56.48101833972543,17939.98800711172,571.3854187049747,117.51846265792847,6274,True,medium_seed42_demvar_+0%
demand_variability,0.0,8,551611597.6838298,0.0,56.48101833972543,17939.98800711172,571.3854187049747,84.20447540283203,5649,True,medium_seed42_demvar_+0%
demand_variability,0.0,9,551611597.6838298,0.0,56.48101833972543,17939.98800711172,571.3854187049747,92.85511088371277,6969,True,medium_seed42_demvar_+0%
demand_variability,0.0,10,551611597.6838298,0.0,56.48101833972543,17939.98800711172,571.3854187049747,63.94184637069702,5729,True,medium_seed42_demvar_+0%
demand_variability,0.0,11,551611597.6838298,0.0,56.48101833972543,17939.98800711172,571.3854187049747,94.70536231994629,8136,True,medium_seed42_demvar_+0%
demand_variability,0.0,12,551611597.6838298,0.0,56.48101833972543,17939.98800711172,571.3854187049747,62.25192594528198,5731,True,medium_seed42_demvar_+0%
demand_variability,0.0,13,551611597.6838298,0.0,56.48101833972543,17939.98800711172,571.3854187049747,52.343849658966064,5336,True,medium_seed42_demvar_+0%
demand_variability,0.0,14,551611597.6838298,0.0,56.48101833972543,17939.98800711172,571.3854187049747,59.89161729812622,6466,True,medium_seed42_demvar_+0%
demand_variability,0.0,15,551611597.6838298,0.0,56.48101833972543,17939.98800711172,571.3854187049747,58.26861071586609,6353,True,medium_seed42_demvar_+0%
demand_variability,0.0,16,551611597.6838298,0.0,56.48101833972543,17939.98800711172,571.3854187049747,75.76077079772949,5958,True,medium_seed42_demvar_+0%
demand_variability,0.0,17,551611597.6838298,0.0,56.48101833972543,17939.98800711172,571.3854187049747,77.29556012153625,7091,True,medium_seed42_demvar_+0%
demand_variability,0.0,18,551611597.6838298,0.0,56.48101833972543,17939.98800711172,571.3854187049747,51.51579737663269,5800,True,medium_seed42_demvar_+0%
demand_variability,0.0,19,551611597.6838298,0.0,56.48101833972543,17939.98800711172,571.3854187049747,50.5373318195343,5305,True,medium_seed42_demvar_+0%
demand_variability,0.0,20,551611597.6838298,0.0,56.48101833972543,17939.98800711172,571.3854187049747,68.68441247940063,6974,True,medium_seed42_demvar_+0%
demand_variability,0.0,21,551611597.6838298,0.0,56.48101833972543,17939.98800711172,571.3854187049747,47.92150330543518,5260,True,medium_seed42_demvar_+0%
demand_variability,0.0,22,551611597.6838298,0.0,56.48101833972543,17939.98800711172,571.3854187049747,61.752588748931885,6591,True,medium_seed42_demvar_+0%
demand_variability,0.0,23,551611597.6838298,0.0,56.48101833972543,17939.98800711172,571.3854187049747,56.784849405288696,6314,True,medium_seed42_demvar_+0%
demand_variability,0.0,24,551611597.6838298,0.0,56.48101833972543,17939.98800711172,571.3854187049747,77.3619282245636,6308,True,medium_seed42_demvar_+0%
demand_variability,0.0,25,551611597.6838298,0.0,56.48101833972543,17939.98800711172,571.3854187049747,66.91472816467285,5926,True,medium_seed42_demvar_+0%
demand_variability,0.0,26,551611597.6838298,0.0,56.48101833972543,17939.98800711172,571.3854187049747,68.99834513664246,5767,True,medium_seed42_demvar_+0%
demand_variability,0.0,27,551611597.6838298,0.0,56.48101833972543,17939.98800711172,571.3854187049747,57.580471992492676,5850,True,medium_seed42_demvar_+0%
demand_variability,0.0,28,551611597.6838298,0.0,56.48101833972543,17939.98800711172,571.3854187049747,62.63999819755554,6278,True,medium_seed42_demvar_+0%
demand_variability,0.0,29,551611597.6838298,0.0,56.48101833972543,17939.98800711172,571.3854187049747,51.043299436569214,5848,True,medium_seed42_demvar_+0%
demand_variability,0.0,30,551611597.6838298,0.0,56.48101833972543,17939.98800711172,571.3854187049747,55.99043083190918,6941,True,medium_seed42_demvar_+0%
costs,-0.1,1,566365516.0360003,-2.6746932831218406,56.48101833972543,17939.98800711172,571.3854187049747,160.65422916412354,5646,True,medium_seed42_costs_-10%
costs,-0.2,29,581119434.3881707,-5.349386566243681,56.48101833972543,17939.98800711172,571.3854187049747,183.32320499420166,5809,True,medium_seed42_costs_-20%
costs,-0.1,2,566365516.0360003,-2.6746932831218406,56.48101833972543,17939.98800711172,571.3854187049747,184.39165115356445,5766,True,medium_seed42_costs_-10%
costs,-0.1,5,566365516.0360003,-2.6746932831218406,56.48101833972543,17939.98800711172,571.3854187049747,206.8020932674408,6272,True,medium_seed42_costs_-10%
costs,-0.1,4,566365516.0360003,-2.6746932831218406,56.48101833972543,17939.98800711172,571.3854187049747,232.02059531211853,6274,True,medium_seed42_costs_-10%
costs,-0.1,3,566365516.0360003,-2.6746932831218406,56.48101833972543,17939.98800711172,571.3854187049747,251.17546772956848,6354,True,medium_seed42_costs_-10%
costs,-0.2,30,581119434.3881707,-5.349386566243681,56.48101833972543,17939.98800711172,571.3854187049747,327.45469331741333,7525,True,medium_seed42_costs_-20%
costs,-0.1,6,566365516.0360003,-2.6746932831218406,56.48101833972543,17939.98800711172,571.3854187049747,447.67972445487976,5963,True,medium_seed42_costs_-10%
costs,-0.1,8,566365516.0360003,-2.6746932831218406,56.48101833972543,17939.98800711172,571.3854187049747,452.55310320854187,5649,True,medium_seed42_costs_-10%
costs,-0.1,7,566365516.0360003,-2.6746932831218406,56.48101833972543,17939.98800711172,571.3854187049747,470.54247784614563,5768,True,medium_seed42_costs_-10%
costs,-0.1,9,566365516.0360003,-2.6746932831218406,56.48101833972543,17939.98800711172,571.3854187049747,478.29508662223816,5848,True,medium_seed42_costs_-10%
costs,-0.1,10,566365516.0360003,-2.6746932831218406,56.48101833972543,17939.98800711172,571.3854187049747,460.843798160553,5847,True,medium_seed42_costs_-10%
costs,-0.1,11,566365516.0360003,-2.6746932831218406,56.48101833972543,17939.98800711172,571.3854187049747,449.3042325973511,5844,True,medium_seed42_costs_-10%
costs,-0.1,12,566365516.0360003,-2.6746932831218406,56.48101833972543,17939.98800711172,571.3854187049747,429.89845156669617,5731,True,medium_seed42_costs_-10%
costs,-0.1,13,566365516.0360003,-2.6746932831218406,56.48101833972543,17939.98800711172,571.3854187049747,388.4820258617401,5883,True,medium_seed42_costs_-10%
costs,-0.1,16,566365516.0360003,-2.6746932831218406,56.48101833972543,17939.98800711172,571.3854187049747,317.82367610931396,5258,True,medium_seed42_costs_-10%
costs,-0.1,14,566365516.0360003,-2.6746932831218406,56.48101833972543,17939.98800711172,571.3854187049747,398.79199051856995,6466,True,medium_seed42_costs_-10%
costs,-0.1,15,566365516.0360003,-2.6746932831218406,56.48101833972543,17939.98800711172,571.3854187049747,394.6504247188568,6353,True,medium_seed42_costs_-10%
costs,-0.1,18,566365516.0360003,-2.6746932831218406,56.48101833972543,17939.98800711172,571.3854187049747,356.9980082511902,5800,True,medium_seed42_costs_-10%
costs,-0.1,19,566365516.0360003,-2.6746932831218406,56.48101833972543,17939.98800711172,571.3854187049747,336.12457633018494,5693,True,medium_seed42_costs_-10%
costs,-0.1,17,566365516.0360003,-2.6746932831218406,56.48101833972543,17939.98800711172,571.3854187049747,442.5138819217682,7091,True,medium_seed42_costs_-10%
costs,-0.1,24,566365516.0360003,-2.6746932831218406,56.48101833972543,17939.98800711172,571.3854187049747,266.40373063087463,4714,True,medium_seed42_costs_-10%
costs,-0.1,21,566365516.0360003,-2.6746932831218406,56.48101833972543,17939.98800711172,571.3854187049747,323.5811972618103,5808,True,medium_seed42_costs_-10%
costs,-0.1,20,566365516.0360003,-2.6746932831218406,56.48101833972543,17939.98800711172,571.3854187049747,385.8938298225403,6974,True,medium_seed42_costs_-10%
costs,-0.1,22,566365516.0360003,-2.6746932831218406,56.48101833972543,17939.98800711172,571.3854187049747,372.07191944122314,6591,True,medium_seed42_costs_-10%
costs,-0.1,23,566365516.0360003,-2.6746932831218406,56.48101833972543,17939.98800711172,571.3854187049747,361.4505662918091,6431,True,medium_seed42_costs_-10%
costs,-0.1,25,566365516.0360003,-2.6746932831218406,56.48101833972543,17939.98800711172,571.3854187049747,325.9494776725769,5768,True,medium_seed42_costs_-10%
costs,-0.1,26,566365516.0360003,-2.6746932831218406,56.48101833972543,17939.98800711172,571.3854187049747,308.81566882133484,5767,True,medium_seed42_costs_-10%
costs,-0.1,27,566365516.0360003,-2.6746932831218406,56.48101833972543,17939.98800711172,571.3854187049747,409.78518438339233,5850,True,medium_seed42_costs_-10%
costs,-0.1,28,566365516.0360003,-2.6746932831218406,56.48101833972543,17939.98800711172,571.3854187049747,437.9512560367584,6585,True,medium_seed42_costs_-10%
costs,-0.1,29,566365516.0360003,-2.6746932831218406,56.48101833972543,17939.98800711172,571.3854187049747,402.18878412246704,5733,True,medium_seed42_costs_-10%
costs,0.1,1,536857679.3316595,2.6746932831218087,56.48101833972543,17939.98800711172,571.3854187049747,374.8195540904999,5260,True,medium_seed42_costs_+10%
costs,0.1,2,536857679.3316595,2.6746932831218087,56.48101833972543,17939.98800711172,571.3854187049747,405.33003306388855,5765,True,medium_seed42_costs_+10%
costs,0.1,3,536857679.3316595,2.6746932831218087,56.48101833972543,17939.98800711172,571.3854187049747,437.6584680080414,6354,True,medium_seed42_costs_+10%
costs,-0.1,30,566365516.0360003,-2.6746932831218406,56.48101833972543,17939.98800711172,571.3854187049747,509.8387887477875,7525,True,medium_seed42_costs_-10%
costs,0.1,7,536857679.3316595,2.6746932831218087,56.48101833972543,17939.98800711172,571.3854187049747,300.94446539878845,5256,True,medium_seed42_costs_+10%
costs,0.1,6,536857679.3316595,2.6746932831218087,56.48101833972543,17939.98800711172,571.3854187049747,335.0906536579132,5963,True,medium_seed42_costs_+10%
costs,0.1,5,536857679.3316595,2.6746932831218087,56.48101833972543,17939.98800711172,571.3854187049747,352.0299015045166,6272,True,medium_seed42_costs_+10%
costs,0.1,4,536857679.3316595,2.6746932831218087,56.48101833972543,17939.98800711172,571.3854187049747,391.43748664855957,6973,True,medium_seed42_costs_+10%
costs,0.1,8,536857679.3316595,2.6746932831218087,56.48101833972543,17939.98800711172,571.3854187049747,313.71834206581116,5649,True,medium_seed42_costs_+10%
costs,0.1,10,536857679.3316595,2.6746932831218087,56.48101833972543,17939.98800711172,571.3854187049747,326.08624839782715,5729,True,medium_seed42_costs_+10%
costs,0.1,9,536857679.3316595,2.6746932831218087,56.48101833972543,17939.98800711172,571.3854187049747,389.45434165000916,6967,True,medium_seed42_costs_+10%
costs,0.1,13,536857679.3316595,2.6746932831218087,56.48101833972543,17939.98800711172,571.3854187049747,320.56004095077515,5336,True,medium_seed42_costs_+10%
costs,0.1,12,536857679.3316595,2.6746932831218087,56.48101833972543,17939.98800711172,571.3854187049747,392.088338136673,6350,True,medium_seed42_costs_+10%
costs,0.1,14,536857679.3316595,2.6746932831218087,56.48101833972543,17939.98800711172,571.3854187049747,395.5396912097931,6466,True,medium_seed42_costs_+10%
costs,0.1,15,536857679.3316595,2.6746932831218087,56.48101833972543,17939.98800711172,571.3854187049747,395.9376356601715,6353,True,medium_seed42_costs_+10%
costs,0.1,11,536857679.3316595,2.6746932831218087,56.48101833972543,17939.98800711172,571.3854187049747,503.7722873687744,8136,True,medium_seed42_costs_+10%
costs,0.1,16,536857679.3316595,2.6746932831218087,56.48101833972543,17939.98800711172,571.3854187049747,363.731773853302,5958,True,medium_seed42_costs_+10%
costs,0.1,17,536857679.3316595,2.6746932831218087,56.48101833972543,17939.98800711172,571.3854187049747,368.85932207107544,7091,True,medium_seed42_costs_+10%
costs,0.1,18,536857679.3316595,2.6746932831218087,56.48101833972543,17939.98800711172,571.3854187049747,228.3076331615448,5644,True,medium_seed42_costs_+10%
costs,0.1,19,536857679.3316595,2.6746932831218087,56.48101833972543,17939.98800711172,571.3854187049747,175.3853943347931,5305,True,medium_seed42_costs_+10%
costs,0.1,21,536857679.3316595,2.6746932831218087,56.48101833972543,17939.98800711172,571.3854187049747,156.2319633960724,5340,True,medium_seed42_costs_+10%
costs,0.1,22,536857679.3316595,2.6746932831218087,56.48101833972543,17939.98800711172,571.3854187049747,163.19479084014893,5965,True,medium_seed42_costs_+10%
costs,0.1,20,536857679.3316595,2.6746932831218087,56.48101833972543,17939.98800711172,571.3854187049747,233.0085003376007,7175,True,medium_seed42_costs_+10%
costs,0.1,23,536857679.3316595,2.6746932831218087,56.48101833972543,17939.98800711172,571.3854187049747,170.66469144821167,6314,True,medium_seed42_costs_+10%
costs,0.1,24,536857679.3316595,2.6746932831218087,56.48101833972543,17939.98800711172,571.3854187049747,178.41140365600586,6308,True,medium_seed42_costs_+10%
costs,0.1,25,536857679.3316595,2.6746932831218087,56.48101833972543,17939.98800711172,571.3854187049747,178.1339738368988,5926,True,medium_seed42_costs_+10%
costs,0.1,26,536857679.3316595,2.6746932831218087,56.48101833972543,17939.98800711172,571.3854187049747,176.5826735496521,5767,True,medium_seed42_costs_+10%
costs,0.1,27,536857679.3316595,2.6746932831218087,56.48101833972543,17939.98800711172,571.3854187049747,177.28999304771423,5850,True,medium_seed42_costs_+10%
costs,0.1,29,536857679.3316595,2.6746932831218087,56.48101833972543,17939.98800711172,571.3854187049747,142.14659929275513,5646,True,medium_seed42_costs_+10%
costs,0.1,28,536857679.3316595,2.6746932831218087,56.48101833972543,17939.98800711172,571.3854187049747,166.85027837753296,5886,True,medium_seed42_costs_+10%
costs,0.1,30,536857679.3316595,2.6746932831218087,56.48101833972543,17939.98800711172,571.3854187049747,189.14146733283997,6429,True,medium_seed42_costs_+10%
costs,0.2,1,522103760.97948915,5.349386566243628,56.48101833972543,17939.98800711172,571.3854187049747,148.25571942329407,5260,True,medium_seed42_costs_+20%
costs,0.2,2,522103760.97948915,5.349386566243628,56.48101833972543,17939.98800711172,571.3854187049747,172.0329668521881,5765,True,medium_seed42_costs_+20%
costs,0.2,3,522103760.97948915,5.349386566243628,56.48101833972543,17939.98800711172,571.3854187049747,182.84017300605774,6471,True,medium_seed42_costs_+20%
costs,0.2,4,522103760.97948915,5.349386566243628,56.48101833972543,17939.98800711172,571.3854187049747,204.8799557685852,6973,True,medium_seed42_costs_+20%
costs,0.2,5,522103760.97948915,5.349386566243628,56.48101833972543,17939.98800711172,571.3854187049747,191.1710729598999,6552,True,medium_seed42_costs_+20%
costs,0.2,6,522103760.97948915,5.349386566243628,56.48101833972543,17939.98800711172,571.3854187049747,169.58751797676086,5723,True,medium_seed42_costs_+20%
costs,0.2,7,522103760.97948915,5.349386566243628,56.48101833972543,17939.98800711172,571.3854187049747,166.14813899993896,5723,True,medium_seed42_costs_+20%
costs,0.2,8,522103760.97948915,5.349386566243628,56.48101833972543,17939.98800711172,571.3854187049747,180.18936276435852,6311,True,medium_seed42_costs_+20%
costs,0.2,10,522103760.97948915,5.349386566243628,56.48101833972543,17939.98800711172,571.3854187049747,145.10497403144836,5729,True,medium_seed42_costs_+20%
costs,0.2,9,522103760.97948915,5.349386566243628,56.48101833972543,17939.98800711172,571.3854187049747,172.59545159339905,6967,True,medium_seed42_costs_+20%
costs,0.2,13,522103760.97948915,5.349386566243628,56.48101833972543,17939.98800711172,571.3854187049747,122.3725917339325,5336,True,medium_seed42_costs_+20%
costs,0.2,12,522103760.97948915,5.349386566243628,56.48101833972543,17939.98800711172,571.3854187049747,142.0577108860016,6350,True,medium_seed42_costs_+20%
costs,0.2,14,522103760.97948915,5.349386566243628,56.48101833972543,17939.98800711172,571.3854187049747,102.42791509628296,5019,True,medium_seed42_costs_+20%
costs,0.2,11,522103760.97948915,5.349386566243628,56.48101833972543,17939.98800711172,571.3854187049747,183.55734729766846,8136,True,medium_seed42_costs_+20%
costs,0.2,15,522103760.97948915,5.349386566243628,56.48101833972543,17939.98800711172,571.3854187049747,123.86758780479431,6392,True,medium_seed42_costs_+20%
costs,0.2,17,522103760.97948915,5.349386566243628,56.48101833972543,17939.98800711172,571.3854187049747,107.41170811653137,5347,True,medium_seed42_costs_+20%
costs,0.2,16,522103760.97948915,5.349386566243628,56.48101833972543,17939.98800711172,571.3854187049747,121.45786595344543,5958,True,medium_seed42_costs_+20%
costs,0.2,18,522103760.97948915,5.349386566243628,56.48101833972543,17939.98800711172,571.3854187049747,116.64039587974548,5644,True,medium_seed42_costs_+20%
costs,0.2,19,522103760.97948915,5.349386566243628,56.48101833972543,17939.98800711172,571.3854187049747,136.10402750968933,6592,True,medium_seed42_costs_+20%
costs,0.2,20,522103760.97948915,5.349386566243628,56.48101833972543,17939.98800711172,571.3854187049747,133.80204319953918,6474,True,medium_seed42_costs_+20%
costs,0.2,21,522103760.97948915,5.349386566243628,56.48101833972543,17939.98800711172,571.3854187049747,115.95963525772095,5646,True,medium_seed42_costs_+20%
costs,0.2,22,522103760.97948915,5.349386566243628,56.48101833972543,17939.98800711172,571.3854187049747,129.383239030838,6352,True,medium_seed42_costs_+20%
costs,0.2,24,522103760.97948915,5.349386566243628,56.48101833972543,17939.98800711172,571.3854187049747,126.62113761901855,6308,True,medium_seed42_costs_+20%
costs,0.2,23,522103760.97948915,5.349386566243628,56.48101833972543,17939.98800711172,571.3854187049747,142.24911046028137,6935,True,medium_seed42_costs_+20%
costs,0.2,25,522103760.97948915,5.349386566243628,56.48101833972543,17939.98800711172,571.3854187049747,122.3932249546051,5926,True,medium_seed42_costs_+20%
costs,0.2,26,522103760.97948915,5.349386566243628,56.48101833972543,17939.98800711172,571.3854187049747,128.75220227241516,5767,True,medium_seed42_costs_+20%
costs,0.2,28,522103760.97948915,5.349386566243628,56.48101833972543,17939.98800711172,571.3854187049747,118.80498504638672,5344,True,medium_seed42_costs_+20%
costs,0.2,27,522103760.97948915,5.349386566243628,56.48101833972543,17939.98800711172,571.3854187049747,132.02147221565247,5850,True,medium_seed42_costs_+20%
costs,0.2,29,522103760.97948915,5.349386566243628,56.48101833972543,17939.98800711172,571.3854187049747,130.53272318840027,5689,True,medium_seed42_costs_+20%
costs,0.2,30,522103760.97948915,5.349386566243628,56.48101833972543,17939.98800711172,571.3854187049747,135.10492825508118,5649,True,medium_seed42_costs_+20%
demand_variability,-0.5,1,551742773.3859552,-0.023780446726686992,56.48477275536037,17934.812012978735,0.0,134.3354527950287,5685,True,medium_seed42_demvar_-50%
demand_variability,-0.5,2,551742773.3859552,-0.023780446726686992,56.48477275536037,17934.812012978735,0.0,133.9190423488617,5727,True,medium_seed42_demvar_-50%
demand_variability,-0.5,3,551742773.3859552,-0.023780446726686992,56.48477275536037,17934.812012978735,0.0,148.16138768196106,6354,True,medium_seed42_demvar_-50%
demand_variability,-0.5,4,551742773.3859552,-0.023780446726686992,56.48477275536037,17934.812012978735,0.0,161.54567861557007,6973,True,medium_seed42_demvar_-50%
demand_variability,-0.5,5,551742773.3859552,-0.023780446726686992,56.48477275536037,17934.812012978735,0.0,162.5770025253296,6976,True,medium_seed42_demvar_-50%
demand_variability,-0.5,6,551742773.3859552,-0.023780446726686992,56.48477275536037,17934.812012978735,0.0,136.05512380599976,5963,True,medium_seed42_demvar_-50%
demand_variability,-0.5,7,551742773.3859552,-0.023780446726686992,56.48477275536037,17934.812012978735,0.0,143.71599745750427,6274,True,medium_seed42_demvar_-50%
demand_variability,-0.5,9,551742773.3859552,-0.023780446726686992,56.48477275536037,17934.812012978735,0.0,133.98404455184937,5959,True,medium_seed42_demvar_-50%
demand_variability,-0.5,8,551742773.3859552,-0.023780446726686992,56.48477275536037,17934.812012978735,0.0,148.7842733860016,6465,True,medium_seed42_demvar_-50%
demand_variability,-0.5,10,551742773.3859552,-0.023780446726686992,56.48477275536037,17934.812012978735,0.0,129.28382635116577,5729,True,medium_seed42_demvar_-50%
demand_variability,-0.5,11,551742773.3859552,-0.023780446726686992,56.48477275536037,17934.812012978735,0.0,128.4177131652832,5844,True,medium_seed42_demvar_-50%
demand_variability,-0.5,13,551742773.3859552,-0.023780446726686992,56.48477275536037,17934.812012978735,0.0,118.9820032119751,5336,True,medium_seed42_demvar_-50%
demand_variability,-0.5,12,551742773.3859552,-0.023780446726686992,56.48477275536037,17934.812012978735,0.0,129.66846752166748,5731,True,medium_seed42_demvar_-50%
demand_variability,-0.5,16,551742773.3859552,-0.023780446726686992,56.48477275536037,17934.812012978735,0.0,129.48083424568176,5958,True,medium_seed42_demvar_-50%
demand_variability,-0.5,14,551742773.3859552,-0.023780446726686992,56.48477275536037,17934.812012978735,0.0,138.43725752830505,6466,True,medium_seed42_demvar_-50%
demand_variability,-0.5,15,551742773.3859552,-0.023780446726686992,56.48477275536037,17934.812012978735,0.0,139.57700514793396,6353,True,medium_seed42_demvar_-50%
demand_variability,-0.5,19,551742773.3859552,-0.023780446726686992,56.48477275536037,17934.812012978735,0.0,113.18267178535461,5305,True,medium_seed42_demvar_-50%
demand_variability,-0.5,17,551742773.3859552,-0.023780446726686992,56.48477275536037,17934.812012978735,0.0,154.73687863349915,7091,True,medium_seed42_demvar_-50%
demand_variability,-0.5,18,551742773.3859552,-0.023780446726686992,56.48477275536037,17934.812012978735,0.0,143.05333733558655,6464,True,medium_seed42_demvar_-50%
demand_variability,-0.5,20,551742773.3859552,-0.023780446726686992,56.48477275536037,17934.812012978735,0.0,157.00027704238892,6974,True,medium_seed42_demvar_-50%
demand_variability,-0.5,21,551742773.3859552,-0.023780446726686992,56.48477275536037,17934.812012978735,0.0,120.09091758728027,5300,True,medium_seed42_demvar_-50%
demand_variability,-0.5,23,551742773.3859552,-0.023780446726686992,56.48477275536037,17934.812012978735,0.0,148.25093841552734,6314,True,medium_seed42_demvar_-50%
demand_variability,-0.5,22,551742773.3859552,-0.023780446726686992,56.48477275536037,17934.812012978735,0.0,158.04694414138794,6591,True,medium_seed42_demvar_-50%
demand_variability,-0.5,24,551742773.3859552,-0.023780446726686992,56.48477275536037,17934.812012978735,0.0,139.64277148246765,5806,True,medium_seed42_demvar_-50%
demand_variability,-0.5,25,551742773.3859552,-0.023780446726686992,56.48477275536037,17934.812012978735,0.0,143.75218439102173,5926,True,medium_seed42_demvar_-50%
demand_variability,-0.5,26,551742773.3859552,-0.023780446726686992,56.48477275536037,17934.812012978735,0.0,140.95802068710327,5767,True,medium_seed42_demvar_-50%
demand_variability,-0.5,27,551742773.3859552,-0.023780446726686992,56.48477275536037,17934.812012978735,0.0,146.30271363258362,5850,True,medium_seed42_demvar_-50%
demand_variability,-0.5,28,551742773.3859552,-0.023780446726686992,56.48477275536037,17934.812012978735,0.0,156.04086875915527,6278,True,medium_seed42_demvar_-50%
demand_variability,-0.5,29,551742773.3859552,-0.023780446726686992,56.48477275536037,17934.812012978735,0.0,140.43669652938843,5848,True,medium_seed42_demvar_-50%
demand_variability,-0.25,1,551741183.7950332,-0.023492274590953696,56.48477275536037,17935.25356601259,0.0,131.2400164604187,5685,True,medium_seed42_demvar_-25%
demand_variability,-0.5,30,551742773.3859552,-0.023780446726686992,56.48477275536037,17934.812012978735,0.0,167.6397397518158,6941,True,medium_seed42_demvar_-50%
demand_variability,-0.25,2,551741183.7950332,-0.023492274590953696,56.48477275536037,17935.25356601259,0.0,134.61335945129395,5727,True,medium_seed42_demvar_-25%
demand_variability,-0.25,3,551741183.7950332,-0.023492274590953696,56.48477275536037,17935.25356601259,0.0,146.6438558101654,6354,True,medium_seed42_demvar_-25%
demand_variability,-0.25,4,551741183.7950332,-0.023492274590953696,56.48477275536037,17935.25356601259,0.0,162.31603384017944,6973,True,medium_seed42_demvar_-25%
demand_variability,-0.25,6,551741183.7950332,-0.023492274590953696,56.48477275536037,17935.25356601259,0.0,137.25871443748474,5963,True,medium_seed42_demvar_-25%
demand_variability,-0.25,5,551741183.7950332,-0.023492274590953696,56.48477275536037,17935.25356601259,0.0,160.10636377334595,6976,True,medium_seed42_demvar_-25%
demand_variability,-0.25,7,551741183.7950332,-0.023492274590953696,56.48477275536037,17935.25356601259,0.0,138.45078945159912,6274,True,medium_seed42_demvar_-25%
demand_variability,-0.25,8,551741183.7950332,-0.023492274590953696,56.48477275536037,17935.25356601259,0.0,142.39494824409485,6465,True,medium_seed42_demvar_-25%
demand_variability,-0.25,9,551741183.7950332,-0.023492274590953696,56.48477275536037,17935.25356601259,0.0,129.11444330215454,5959,True,medium_seed42_demvar_-25%
demand_variability,-0.25,10,551741183.7950332,-0.023492274590953696,56.48477275536037,17935.25356601259,0.0,121.25059771537781,5729,True,medium_seed42_demvar_-25%
demand_variability,-0.25,11,551741183.7950332,-0.023492274590953696,56.48477275536037,17935.25356601259,0.0,119.09683609008789,5844,True,medium_seed42_demvar_-25%
demand_variability,-0.25,13,551741183.7950332,-0.023492274590953696,56.48477275536037,17935.25356601259,0.0,105.68529725074768,5336,True,medium_seed42_demvar_-25%
demand_variability,-0.25,12,551741183.7950332,-0.023492274590953696,56.48477275536037,17935.25356601259,0.0,114.47708368301392,5731,True,medium_seed42_demvar_-25%
demand_variability,-0.25,14,551741183.7950332,-0.023492274590953696,56.48477275536037,17935.25356601259,0.0,124.97336173057556,6466,True,medium_seed42_demvar_-25%
demand_variability,-0.25,15,551741183.7950332,-0.023492274590953696,56.48477275536037,17935.25356601259,0.0,122.84345817565918,6353,True,medium_seed42_demvar_-25%
demand_variability,-0.25,16,551741183.7950332,-0.023492274590953696,56.48477275536037,17935.25356601259,0.0,114.95233869552612,5958,True,medium_seed42_demvar_-25%
demand_variability,-0.25,17,551741183.7950332,-0.023492274590953696,56.48477275536037,17935.25356601259,0.0,137.32777619361877,7091,True,medium_seed42_demvar_-25%
demand_variability,-0.25,18,551741183.7950332,-0.023492274590953696,56.48477275536037,17935.25356601259,0.0,113.90341663360596,5800,True,medium_seed42_demvar_-25%
demand_variability,-0.25,19,551741183.7950332,-0.023492274590953696,56.48477275536037,17935.25356601259,0.0,104.33358597755432,5305,True,medium_seed42_demvar_-25%
demand_variability,-0.25,20,551741183.7950332,-0.023492274590953696,56.48477275536037,17935.25356601259,0.0,136.16284465789795,6974,True,medium_seed42_demvar_-25%
demand_variability,-0.25,21,551741183.7950332,-0.023492274590953696,56.48477275536037,17935.25356601259,0.0,103.25537037849426,5300,True,medium_seed42_demvar_-25%
demand_variability,-0.25,23,551741183.7950332,-0.023492274590953696,56.48477275536037,17935.25356601259,0.0,122.44395160675049,6314,True,medium_seed42_demvar_-25%
demand_variability,-0.25,22,551741183.7950332,-0.023492274590953696,56.48477275536037,17935.25356601259,0.0,127.87883687019348,6591,True,medium_seed42_demvar_-25%
demand_variability,-0.25,24,551741183.7950332,-0.023492274590953696,56.48477275536037,17935.25356601259,0.0,111.87169075012207,5806,True,medium_seed42_demvar_-25%
demand_variability,-0.25,25,551741183.7950332,-0.023492274590953696,56.48477275536037,17935.25356601259,0.0,113.69918775558472,5926,True,medium_seed42_demvar_-25%
demand_variability,-0.25,26,551741183.7950332,-0.023492274590953696,56.48477275536037,17935.25356601259,0.0,109.98551273345947,5767,True,medium_seed42_demvar_-25%
demand_variability,-0.25,27,551741183.7950332,-0.023492274590953696,56.48477275536037,17935.25356601259,0.0,109.81143689155579,5850,True,medium_seed42_demvar_-25%
demand_variability,-0.25,28,551741183.7950332,-0.023492274590953696,56.48477275536037,17935.25356601259,0.0,117.51548314094543,6278,True,medium_seed42_demvar_-25%
demand_variability,-0.25,29,551741183.7950332,-0.023492274590953696,56.48477275536037,17935.25356601259,0.0,109.26135039329529,5848,True,medium_seed42_demvar_-25%
demand_variability,0.25,1,550856531.4594746,0.13688367458655323,56.45193420059176,17963.889961730696,5441.653330435894,106.61727237701416,5765,True,medium_seed42_demvar_+25%
demand_variability,-0.25,30,551741183.7950332,-0.023492274590953696,56.48477275536037,17935.25356601259,0.0,130.07144904136658,6941,True,medium_seed42_demvar_-25%
demand_variability,0.25,2,550856531.4594746,0.13688367458655323,56.45193420059176,17963.889961730696,5441.653330435894,108.47400784492493,5767,True,medium_seed42_demvar_+25%
demand_variability,0.25,3,550856531.4594746,0.13688367458655323,56.45193420059176,17963.889961730696,5441.653330435894,129.73919677734375,6893,True,medium_seed42_demvar_+25%
demand_variability,0.25,4,550856531.4594746,0.13688367458655323,56.45193420059176,17963.889961730696,5441.653330435894,109.8474771976471,5846,True,medium_seed42_demvar_+25%
demand_variability,0.25,5,550856531.4594746,0.13688367458655323,56.45193420059176,17963.889961730696,5441.653330435894,117.56198811531067,6272,True,medium_seed42_demvar_+25%
demand_variability,0.25,6,550856531.4594746,0.13688367458655323,56.45193420059176,17963.889961730696,5441.653330435894,119.39563822746277,6311,True,medium_seed42_demvar_+25%
demand_variability,0.25,7,550856531.4594746,0.13688367458655323,56.45193420059176,17963.889961730696,5441.653330435894,106.61706590652466,5647,True,medium_seed42_demvar_+25%
demand_variability,0.25,8,550856531.4594746,0.13688367458655323,56.45193420059176,17963.889961730696,5441.653330435894,109.27709126472473,5803,True,medium_seed42_demvar_+25%
demand_variability,0.25,10,550856531.4594746,0.13688367458655323,56.45193420059176,17963.889961730696,5441.653330435894,106.94419169425964,5729,True,medium_seed42_demvar_+25%
demand_variability,0.25,9,550856531.4594746,0.13688367458655323,56.45193420059176,17963.889961730696,5441.653330435894,141.62635970115662,7597,True,medium_seed42_demvar_+25%
demand_variability,0.25,11,550856531.4594746,0.13688367458655323,56.45193420059176,17963.889961730696,5441.653330435894,107.79324579238892,5804,True,medium_seed42_demvar_+25%
demand_variability,0.25,12,550856531.4594746,0.13688367458655323,56.45193420059176,17963.889961730696,5441.653330435894,105.82023668289185,5731,True,medium_seed42_demvar_+25%
demand_variability,0.25,13,550856531.4594746,0.13688367458655323,56.45193420059176,17963.889961730696,5441.653330435894,98.02507305145264,5336,True,medium_seed42_demvar_+25%
demand_variability,0.25,14,550856531.4594746,0.13688367458655323,56.45193420059176,17963.889961730696,5441.653330435894,118.65593218803406,6466,True,medium_seed42_demvar_+25%
demand_variability,0.25,15,550856531.4594746,0.13688367458655323,56.45193420059176,17963.889961730696,5441.653330435894,117.35544300079346,6353,True,medium_seed42_demvar_+25%
demand_variability,0.25,16,550856531.4594746,0.13688367458655323,56.45193420059176,17963.889961730696,5441.653330435894,109.805912733078,5958,True,medium_seed42_demvar_+25%
demand_variability,0.25,18,550856531.4594746,0.13688367458655323,56.45193420059176,17963.889961730696,5441.653330435894,103.42600965499878,5644,True,medium_seed42_demvar_+25%
demand_variability,0.25,17,550856531.4594746,0.13688367458655323,56.45193420059176,17963.889961730696,5441.653330435894,130.35937213897705,7091,True,medium_seed42_demvar_+25%
demand_variability,0.25,19,550856531.4594746,0.13688367458655323,56.45193420059176,17963.889961730696,5441.653330435894,104.58879804611206,5693,True,medium_seed42_demvar_+25%
demand_variability,0.25,20,550856531.4594746,0.13688367458655323,56.45193420059176,17963.889961730696,5441.653330435894,97.15235257148743,5300,True,medium_seed42_demvar_+25%
demand_variability,0.25,21,550856531.4594746,0.13688367458655323,56.45193420059176,17963.889961730696,5441.653330435894,106.81707429885864,5808,True,medium_seed42_demvar_+25%
demand_variability,0.25,22,550856531.4594746,0.13688367458655323,56.45193420059176,17963.889961730696,5441.653330435894,118.23711776733398,6430,True,medium_seed42_demvar_+25%
demand_variability,0.25,24,550856531.4594746,0.13688367458655323,56.45193420059176,17963.889961730696,5441.653330435894,106.3315851688385,5765,True,medium_seed42_demvar_+25%
demand_variability,0.25,23,550856531.4594746,0.13688367458655323,56.45193420059176,17963.889961730696,5441.653330435894,117.41189384460449,6384,True,medium_seed42_demvar_+25%
demand_variability,0.25,26,550856531.4594746,0.13688367458655323,56.45193420059176,17963.889961730696,5441.653330435894,93.64213037490845,5105,True,medium_seed42_demvar_+25%
demand_variability,0.25,25,550856531.4594746,0.13688367458655323,56.45193420059176,17963.889961730696,5441.653330435894,106.67582368850708,5764,True,medium_seed42_demvar_+25%
demand_variability,0.25,27,550856531.4594746,0.13688367458655323,56.45193420059176,17963.889961730696,5441.653330435894,107.47693920135498,5850,True,medium_seed42_demvar_+25%
demand_variability,0.25,28,550856531.4594746,0.13688367458655323,56.45193420059176,17963.889961730696,5441.653330435894,121.53141522407532,6589,True,medium_seed42_demvar_+25%
demand_variability,0.25,29,550856531.4594746,0.13688367458655323,56.45193420059176,17963.889961730696,5441.653330435894,110.35003781318665,5966,True,medium_seed42_demvar_+25%
demand_variability,0.5,1,549659210.8328503,0.35394231360931383,56.4048798259652,18016.879760669584,18159.835095382023,95.87404775619507,5220,True,medium_seed42_demvar_+50%
demand_variability,0.5,2,549659210.8328503,0.35394231360931383,56.4048798259652,18016.879760669584,18159.835095382023,106.72451591491699,5767,True,medium_seed42_demvar_+50%
demand_variability,0.25,30,550856531.4594746,0.13688367458655323,56.45193420059176,17963.889961730696,5441.653330435894,139.10509037971497,7525,True,medium_seed42_demvar_+25%
demand_variability,0.5,4,549659210.8328503,0.35394231360931383,56.4048798259652,18016.879760669584,18159.835095382023,108.36387276649475,5846,True,medium_seed42_demvar_+50%
demand_variability,0.5,3,549659210.8328503,0.35394231360931383,56.4048798259652,18016.879760669584,18159.835095382023,120.884601354599,6546,True,medium_seed42_demvar_+50%
demand_variability,0.5,5,549659210.8328503,0.35394231360931383,56.4048798259652,18016.879760669584,18159.835095382023,109.3048963546753,5687,True,medium_seed42_demvar_+50%
demand_variability,0.5,6,549659210.8328503,0.35394231360931383,56.4048798259652,18016.879760669584,18159.835095382023,121.48571920394897,6311,True,medium_seed42_demvar_+50%
demand_variability,0.5,7,549659210.8328503,0.35394231360931383,56.4048798259652,18016.879760669584,18159.835095382023,120.71226763725281,6274,True,medium_seed42_demvar_+50%
demand_variability,0.5,8,549659210.8328503,0.35394231360931383,56.4048798259652,18016.879760669584,18159.835095382023,109.37606143951416,5724,True,medium_seed42_demvar_+50%
demand_variability,0.5,10,549659210.8328503,0.35394231360931383,56.4048798259652,18016.879760669584,18159.835095382023,116.93466711044312,5729,True,medium_seed42_demvar_+50%
demand_variability,0.5,9,549659210.8328503,0.35394231360931383,56.4048798259652,18016.879760669584,18159.835095382023,131.04665112495422,6433,True,medium_seed42_demvar_+50%
demand_variability,0.5,11,549659210.8328503,0.35394231360931383,56.4048798259652,18016.879760669584,18159.835095382023,130.62174916267395,6394,True,medium_seed42_demvar_+50%
demand_variability,0.5,12,549659210.8328503,0.35394231360931383,56.4048798259652,18016.879760669584,18159.835095382023,117.50117063522339,5731,True,medium_seed42_demvar_+50%
demand_variability,0.5,13,549659210.8328503,0.35394231360931383,56.4048798259652,18016.879760669584,18159.835095382023,121.56540369987488,5884,True,medium_seed42_demvar_+50%
demand_variability,0.5,14,549659210.8328503,0.35394231360931383,56.4048798259652,18016.879760669584,18159.835095382023,132.353453874588,6348,True,medium_seed42_demvar_+50%
demand_variability,0.5,15,549659210.8328503,0.35394231360931383,56.4048798259652,18016.879760669584,18159.835095382023,135.75380158424377,6588,True,medium_seed42_demvar_+50%
demand_variability,0.5,16,549659210.8328503,0.35394231360931383,56.4048798259652,18016.879760669584,18159.835095382023,124.886873960495,6311,True,medium_seed42_demvar_+50%
demand_variability,0.5,18,549659210.8328503,0.35394231360931383,56.4048798259652,18016.879760669584,18159.835095382023,112.0928053855896,5644,True,medium_seed42_demvar_+50%
demand_variability,0.5,17,549659210.8328503,0.35394231360931383,56.4048798259652,18016.879760669584,18159.835095382023,117.44291162490845,5923,True,medium_seed42_demvar_+50%
demand_variability,0.5,19,549659210.8328503,0.35394231360931383,56.4048798259652,18016.879760669584,18159.835095382023,110.87183952331543,5693,True,medium_seed42_demvar_+50%
demand_variability,0.5,21,549659210.8328503,0.35394231360931383,56.4048798259652,18016.879760669584,18159.835095382023,113.99791216850281,5808,True,medium_seed42_demvar_+50%
demand_variability,0.5,20,549659210.8328503,0.35394231360931383,56.4048798259652,18016.879760669584,18159.835095382023,137.10602355003357,7017,True,medium_seed42_demvar_+50%
demand_variability,0.5,22,549659210.8328503,0.35394231360931383,56.4048798259652,18016.879760669584,18159.835095382023,122.89758086204529,6313,True,medium_seed42_demvar_+50%
demand_variability,0.5,24,549659210.8328503,0.35394231360931383,56.4048798259652,18016.879760669584,18159.835095382023,111.34880137443542,5686,True,medium_seed42_demvar_+50%
demand_variability,0.5,25,549659210.8328503,0.35394231360931383,56.4048798259652,18016.879760669584,18159.835095382023,115.0991461277008,5883,True,medium_seed42_demvar_+50%
demand_variability,0.5,23,549659210.8328503,0.35394231360931383,56.4048798259652,18016.879760669584,18159.835095382023,125.10426664352417,6393,True,medium_seed42_demvar_+50%
demand_variability,0.5,26,549659210.8328503,0.35394231360931383,56.4048798259652,18016.879760669584,18159.835095382023,101.3347864151001,5300,True,medium_seed42_demvar_+50%
demand_variability,0.5,27,549659210.8328503,0.35394231360931383,56.4048798259652,18016.879760669584,18159.835095382023,101.61342477798462,5850,True,medium_seed42_demvar_+50%
demand_variability,0.5,28,549659210.8328503,0.35394231360931383,56.4048798259652,18016.879760669584,18159.835095382023,100.4100661277771,5808,True,medium_seed42_demvar_+50%
demand_variability,0.5,30,549659210.8328503,0.35394231360931383,56.4048798259652,18016.879760669584,18159.835095382023,83.46476173400879,5262,True,medium_seed42_demvar_+50%
demand_variability,0.5,29,549659210.8328503,0.35394231360931383,56.4048798259652,18016.879760669584,18159.835095382023,95.96871614456177,5966,True,medium_seed42_demvar_+50%
