instancia,algoritmo,replica,semilla,n_estaciones,fitness,tiempo_seg,eficiencia,factible
pequeña_20t,GA,0,42,5,0.0,2.7362,90.00,True
pequeña_20t,GA,1,1042,5,0.0,2.0603,90.00,True
pequeña_20t,GA,2,2042,5,0.0,2.0941,90.00,True
pequeña_20t,GA,3,3042,5,0.0,2.9710,90.00,True
pequeña_20t,GA,4,4042,5,0.0,2.0923,90.00,True
pequeña_20t,GA,5,5042,5,0.0,2.8711,90.00,True
pequeña_20t,GA,6,6042,5,0.0,1.9449,90.00,True
pequeña_20t,GA,7,7042,5,0.0,2.2341,90.00,True
pequeña_20t,GA,8,8042,5,0.0,2.9381,90.00,True
pequeña_20t,GA,9,9042,5,0.0,2.0794,90.00,True
pequeña_20t,GA,10,10042,5,0.0,3.1537,90.00,True
pequeña_20t,GA,11,11042,5,0.0,2.2387,90.00,True
pequeña_20t,GA,12,12042,5,0.0,2.7728,90.00,True
pequeña_20t,GA,13,13042,5,0.0,3.5875,90.00,True
pequeña_20t,GA,14,14042,5,0.0,1.9700,90.00,True
pequeña_20t,GA,15,15042,5,0.0,3.1278,90.00,True
pequeña_20t,GA,16,16042,5,0.0,2.2765,90.00,True
pequeña_20t,GA,17,17042,5,0.0,2.2364,90.00,True
pequeña_20t,GA,18,18042,5,0.0,2.8948,90.00,True
pequeña_20t,GA,19,19042,5,0.0,2.2604,90.00,True
pequeña_20t,GA,20,20042,5,0.0,2.6950,90.00,True
pequeña_20t,GA,21,21042,5,0.0,1.9230,90.00,True
pequeña_20t,GA,22,22042,5,0.0,1.9492,90.00,True
pequeña_20t,GA,23,23042,5,0.0,2.7481,90.00,True
pequeña_20t,GA,24,24042,5,0.0,2.2737,90.00,True
pequeña_20t,GA,25,25042,5,0.0,2.6626,90.00,True
pequeña_20t,GA,26,26042,5,0.0,1.9465,90.00,True
pequeña_20t,GA,27,27042,5,0.0,1.9215,90.00,True
pequeña_20t,GA,28,28042,5,0.0,2.7645,90.00,True
pequeña_20t,GA,29,29042,5,0.0,1.9174,90.00,True
pequeña_20t,TS,0,42,5,0.0,1.0019,90.00,True
pequeña_20t,TS,1,1042,5,0.0,1.3995,90.00,True
pequeña_20t,TS,2,2042,5,0.0,1.4633,90.00,True
pequeña_20t,TS,3,3042,5,0.0,1.0528,90.00,True
pequeña_20t,TS,4,4042,5,0.0,1.0488,90.00,True
pequeña_20t,TS,5,5042,5,0.0,1.0848,90.00,True
pequeña_20t,TS,6,6042,5,0.0,1.9350,90.00,True
pequeña_20t,TS,7,7042,5,0.0,1.0261,90.00,True
pequeña_20t,TS,8,8042,5,0.0,1.0713,90.00,True
pequeña_20t,TS,9,9042,5,0.0,1.0201,90.00,True
pequeña_20t,TS,10,10042,5,0.0,1.0022,90.00,True
pequeña_20t,TS,11,11042,5,0.0,1.8995,90.00,True
pequeña_20t,TS,12,12042,5,0.0,0.9757,90.00,True
pequeña_20t,TS,13,13042,5,0.0,0.9963,90.00,True
pequeña_20t,TS,14,14042,5,0.0,1.0115,90.00,True
pequeña_20t,TS,15,15042,5,0.0,1.0393,90.00,True
pequeña_20t,TS,16,16042,5,0.0,2.1323,90.00,True
pequeña_20t,TS,17,17042,5,0.0,1.0617,90.00,True
pequeña_20t,TS,18,18042,5,0.0,1.0665,90.00,True
pequeña_20t,TS,19,19042,5,0.0,1.2465,90.00,True
pequeña_20t,TS,20,20042,5,0.0,1.0509,90.00,True
pequeña_20t,TS,21,21042,5,0.0,1.9482,90.00,True
pequeña_20t,TS,22,22042,5,0.0,1.0423,90.00,True
pequeña_20t,TS,23,23042,5,0.0,0.9956,90.00,True
pequeña_20t,TS,24,24042,5,0.0,0.9984,90.00,True
pequeña_20t,TS,25,25042,5,0.0,1.0655,90.00,True
pequeña_20t,TS,26,26042,5,0.0,1.7509,90.00,True
pequeña_20t,TS,27,27042,5,0.0,1.0759,90.00,True
pequeña_20t,TS,28,28042,5,0.0,1.0220,90.00,True
pequeña_20t,TS,29,29042,5,0.0,1.0248,90.00,True
pequeña_20t,Hybrid,0,42,5,0.0,2.6934,90.00,True
pequeña_20t,Hybrid,1,1042,5,0.0,1.7620,90.00,True
pequeña_20t,Hybrid,2,2042,5,0.0,1.8312,90.00,True
pequeña_20t,Hybrid,3,3042,5,0.0,2.6225,90.00,True
pequeña_20t,Hybrid,4,4042,5,0.0,1.8937,90.00,True
pequeña_20t,Hybrid,5,5042,5,0.0,2.1569,90.00,True
pequeña_20t,Hybrid,6,6042,5,0.0,2.3293,90.00,True
pequeña_20t,Hybrid,7,7042,5,0.0,1.9256,90.00,True
pequeña_20t,Hybrid,8,8042,5,0.0,2.6148,90.00,True
pequeña_20t,Hybrid,9,9042,5,0.0,1.8127,90.00,True
pequeña_20t,Hybrid,10,10042,5,0.0,1.8424,90.00,True
pequeña_20t,Hybrid,11,11042,5,0.0,2.7009,90.00,True
pequeña_20t,Hybrid,12,12042,5,0.0,1.7961,90.00,True
pequeña_20t,Hybrid,13,13042,5,0.0,1.8029,90.00,True
pequeña_20t,Hybrid,14,14042,5,0.0,2.5564,90.00,True
pequeña_20t,Hybrid,15,15042,5,0.0,1.7836,90.00,True
pequeña_20t,Hybrid,16,16042,5,0.0,2.1585,90.00,True
pequeña_20t,Hybrid,17,17042,5,0.0,2.4052,90.00,True
pequeña_20t,Hybrid,18,18042,5,0.0,1.8459,90.00,True
pequeña_20t,Hybrid,19,19042,5,0.0,2.8230,90.00,True
pequeña_20t,Hybrid,20,20042,5,0.0,2.0688,90.00,True
pequeña_20t,Hybrid,21,21042,5,0.0,1.9714,90.00,True
pequeña_20t,Hybrid,22,22042,5,0.0,2.7198,90.00,True
pequeña_20t,Hybrid,23,23042,5,0.0,2.0552,90.00,True
pequeña_20t,Hybrid,24,24042,5,0.0,1.9815,90.00,True
pequeña_20t,Hybrid,25,25042,5,0.0,2.5481,90.00,True
pequeña_20t,Hybrid,26,26042,5,0.0,1.8377,90.00,True
pequeña_20t,Hybrid,27,27042,5,0.0,2.5637,90.00,True
pequeña_20t,Hybrid,28,28042,5,0.0,1.8245,90.00,True
pequeña_20t,Hybrid,29,29042,5,0.0,1.7959,90.00,True
mediana_40t,GA,0,42,10,0.0,5.1491,90.50,True
mediana_40t,GA,1,1042,10,0.0,4.1146,90.50,True
mediana_40t,GA,2,2042,10,0.0,4.0636,90.50,True
mediana_40t,GA,3,3042,10,0.0,4.9085,90.50,True
mediana_40t,GA,4,4042,10,0.0,4.9214,90.50,True
mediana_40t,GA,5,5042,10,0.0,5.2525,90.50,True
mediana_40t,GA,6,6042,10,0.0,4.3799,90.50,True
mediana_40t,GA,7,7042,10,0.0,4.9625,90.50,True
mediana_40t,GA,8,8042,10,0.0,5.4009,90.50,True
mediana_40t,GA,9,9042,10,0.0,5.3405,90.50,True
mediana_40t,GA,10,10042,10,0.0,5.2582,90.50,True
mediana_40t,GA,11,11042,10,0.0,5.1583,90.50,True
mediana_40t,GA,12,12042,10,0.0,4.3650,90.50,True
mediana_40t,GA,13,13042,10,0.0,5.2792,90.50,True
mediana_40t,GA,14,14042,10,0.0,4.8057,90.50,True
mediana_40t,GA,15,15042,10,0.0,4.9087,90.50,True
mediana_40t,GA,16,16042,10,0.0,4.2479,90.50,True
mediana_40t,GA,17,17042,10,0.0,4.1980,90.50,True
mediana_40t,GA,18,18042,10,0.0,3.8994,90.50,True
mediana_40t,GA,19,19042,10,0.0,3.9093,90.50,True
mediana_40t,GA,20,20042,10,0.0,3.9365,90.50,True
mediana_40t,GA,21,21042,10,0.0,4.1409,90.50,True
mediana_40t,GA,22,22042,10,0.0,3.9968,90.50,True
mediana_40t,GA,23,23042,10,0.0,3.8276,90.50,True
mediana_40t,GA,24,24042,10,0.0,3.9775,90.50,True
mediana_40t,GA,25,25042,10,0.0,4.1685,90.50,True
mediana_40t,GA,26,26042,10,0.0,4.1246,90.50,True
mediana_40t,GA,27,27042,10,0.0,3.8482,90.50,True
mediana_40t,GA,28,28042,10,0.0,3.8661,90.50,True
mediana_40t,GA,29,29042,10,0.0,4.6954,90.50,True
mediana_40t,TS,0,42,10,0.0,4.0780,90.50,True
mediana_40t,TS,1,1042,10,0.0,4.8425,90.50,True
mediana_40t,TS,2,2042,10,0.0,3.8207,90.50,True
mediana_40t,TS,3,3042,10,0.0,2.8168,90.50,True
mediana_40t,TS,4,4042,10,0.0,2.9536,90.50,True
mediana_40t,TS,5,5042,10,0.0,3.3208,90.50,True
mediana_40t,TS,6,6042,10,0.0,3.4621,90.50,True
mediana_40t,TS,7,7042,10,0.0,4.4575,90.50,True
mediana_40t,TS,8,8042,10,0.0,4.1489,90.50,True
mediana_40t,TS,9,9042,10,0.0,3.2325,90.50,True
mediana_40t,TS,10,10042,10,0.0,3.3816,90.50,True
mediana_40t,TS,11,11042,10,0.0,3.4320,90.50,True
mediana_40t,TS,12,12042,10,0.0,3.9228,90.50,True
mediana_40t,TS,13,13042,10,0.0,3.6553,90.50,True
mediana_40t,TS,14,14042,10,0.0,3.9247,90.50,True
mediana_40t,TS,15,15042,10,0.0,3.8721,90.50,True
mediana_40t,TS,16,16042,10,0.0,4.0824,90.50,True
mediana_40t,TS,17,17042,10,0.0,3.7540,90.50,True
mediana_40t,TS,18,18042,10,0.0,4.2636,90.50,True
mediana_40t,TS,19,19042,10,0.0,4.0149,90.50,True
mediana_40t,TS,20,20042,10,0.0,3.3356,90.50,True
mediana_40t,TS,21,21042,10,0.0,3.4319,90.50,True
mediana_40t,TS,22,22042,10,0.0,3.4742,90.50,True
mediana_40t,TS,23,23042,10,0.0,4.5334,90.50,True
mediana_40t,TS,24,24042,10,0.0,4.3516,90.50,True
mediana_40t,TS,25,25042,10,0.0,3.5600,90.50,True
mediana_40t,TS,26,26042,10,0.0,3.1948,90.50,True
mediana_40t,TS,27,27042,10,0.0,3.3577,90.50,True
mediana_40t,TS,28,28042,10,0.0,5.3004,90.50,True
mediana_40t,TS,29,29042,10,0.0,4.7521,90.50,True
mediana_40t,Hybrid,0,42,10,0.0,5.9972,90.50,True
mediana_40t,Hybrid,1,1042,10,0.0,5.5912,90.50,True
mediana_40t,Hybrid,2,2042,10,0.0,5.8964,90.50,True
mediana_40t,Hybrid,3,3042,10,0.0,5.7295,90.50,True
mediana_40t,Hybrid,4,4042,10,0.0,5.7045,90.50,True
mediana_40t,Hybrid,5,5042,10,0.0,5.6829,90.50,True
mediana_40t,Hybrid,6,6042,10,0.0,5.5120,90.50,True
mediana_40t,Hybrid,7,7042,10,0.0,5.9416,90.50,True
mediana_40t,Hybrid,8,8042,10,0.0,5.6736,90.50,True
mediana_40t,Hybrid,9,9042,10,0.0,6.1871,90.50,True
mediana_40t,Hybrid,10,10042,10,0.0,5.5317,90.50,True
mediana_40t,Hybrid,11,11042,10,0.0,5.4605,90.50,True
mediana_40t,Hybrid,12,12042,10,0.0,5.7115,90.50,True
mediana_40t,Hybrid,13,13042,10,0.0,5.5713,90.50,True
mediana_40t,Hybrid,14,14042,10,0.0,6.2425,90.50,True
mediana_40t,Hybrid,15,15042,10,0.0,5.3269,90.50,True
mediana_40t,Hybrid,16,16042,10,0.0,6.0888,90.50,True
mediana_40t,Hybrid,17,17042,10,0.0,5.2381,90.50,True
mediana_40t,Hybrid,18,18042,10,0.0,5.9871,90.50,True
mediana_40t,Hybrid,19,19042,10,0.0,5.9071,90.50,True
mediana_40t,Hybrid,20,20042,10,0.0,5.4245,90.50,True
mediana_40t,Hybrid,21,21042,10,0.0,18.2714,90.50,True
mediana_40t,Hybrid,22,22042,10,0.0,18.8501,90.50,True
mediana_40t,Hybrid,23,23042,10,0.0,17.6555,90.50,True
mediana_40t,Hybrid,24,24042,10,0.0,19.0304,90.50,True
mediana_40t,Hybrid,25,25042,10,0.0,19.0757,90.50,True
mediana_40t,Hybrid,26,26042,10,0.0,18.9144,90.50,True
mediana_40t,Hybrid,27,27042,10,0.0,18.9568,90.50,True
mediana_40t,Hybrid,28,28042,10,0.0,18.4895,90.50,True
mediana_40t,Hybrid,29,29042,10,0.0,19.2198,90.50,True
grande_70t,GA,0,42,19,0.0,23.6015,86.55,True
grande_70t,GA,1,1042,19,0.0,24.1385,86.55,True
grande_70t,GA,2,2042,19,0.0,24.2146,86.55,True
grande_70t,GA,3,3042,19,0.0,24.4328,86.55,True
grande_70t,GA,4,4042,19,0.0,25.8740,86.55,True
grande_70t,GA,5,5042,19,0.0,24.5953,86.55,True
grande_70t,GA,6,6042,19,0.0,25.0070,86.55,True
grande_70t,GA,7,7042,19,0.0,11.8444,86.55,True
grande_70t,GA,8,8042,19,0.0,7.5021,86.55,True
grande_70t,GA,9,9042,19,0.0,6.6791,86.55,True
grande_70t,GA,10,10042,19,0.0,7.4536,86.55,True
grande_70t,GA,11,11042,19,0.0,6.8123,86.55,True
grande_70t,GA,12,12042,19,0.0,7.5053,86.55,True
grande_70t,GA,13,13042,19,0.0,6.9229,86.55,True
grande_70t,GA,14,14042,19,0.0,7.8760,86.55,True
grande_70t,GA,15,15042,19,0.0,6.5724,86.55,True
grande_70t,GA,16,16042,19,0.0,7.6410,86.55,True
grande_70t,GA,17,17042,19,0.0,7.0507,86.55,True
grande_70t,GA,18,18042,19,0.0,7.5888,86.55,True
grande_70t,GA,19,19042,19,0.0,7.3013,86.55,True
grande_70t,GA,20,20042,19,0.0,7.3546,86.55,True
grande_70t,GA,21,21042,19,0.0,8.0001,86.55,True
grande_70t,GA,22,22042,19,0.0,7.1335,86.55,True
grande_70t,GA,23,23042,19,0.0,7.5216,86.55,True
grande_70t,GA,24,24042,19,0.0,6.8276,86.55,True
grande_70t,GA,25,25042,19,0.0,7.6839,86.55,True
grande_70t,GA,26,26042,19,0.0,7.6175,86.55,True
grande_70t,GA,27,27042,19,0.0,7.4779,86.55,True
grande_70t,GA,28,28042,19,0.0,11.3842,86.55,True
grande_70t,GA,29,29042,19,0.0,11.3033,86.55,True
grande_70t,TS,0,42,19,0.0,10.1664,86.55,True
grande_70t,TS,1,1042,19,0.0,8.6460,86.55,True
grande_70t,TS,2,2042,19,0.0,7.8033,86.55,True
grande_70t,TS,3,3042,19,0.0,7.4742,86.55,True
grande_70t,TS,4,4042,19,0.0,8.9759,86.55,True
grande_70t,TS,5,5042,19,0.0,7.6582,86.55,True
grande_70t,TS,6,6042,19,0.0,8.3857,86.55,True
grande_70t,TS,7,7042,19,0.0,9.6491,86.55,True
grande_70t,TS,8,8042,19,0.0,26.4212,86.55,True
grande_70t,TS,9,9042,19,0.0,27.1751,86.55,True
grande_70t,TS,10,10042,19,0.0,28.1183,86.55,True
grande_70t,TS,11,11042,19,0.0,26.3859,86.55,True
grande_70t,TS,12,12042,19,0.0,28.1037,86.55,True
grande_70t,TS,13,13042,19,0.0,26.4222,86.55,True
grande_70t,TS,14,14042,19,0.0,26.0410,86.55,True
grande_70t,TS,15,15042,19,0.0,11.6666,86.55,True
grande_70t,TS,16,16042,19,0.0,9.4670,86.55,True
grande_70t,TS,17,17042,19,0.0,11.0502,86.55,True
grande_70t,TS,18,18042,19,0.0,8.1655,86.55,True
grande_70t,TS,19,19042,19,0.0,13.2435,86.55,True
grande_70t,TS,20,20042,19,0.0,12.6519,86.55,True
grande_70t,TS,21,21042,19,0.0,13.1680,86.55,True
grande_70t,TS,22,22042,19,0.0,11.6639,86.55,True
grande_70t,TS,23,23042,19,0.0,13.0498,86.55,True
grande_70t,TS,24,24042,19,0.0,12.5786,86.55,True
grande_70t,TS,25,25042,19,0.0,12.8307,86.55,True
grande_70t,TS,26,26042,19,0.0,12.0074,86.55,True
grande_70t,TS,27,27042,19,0.0,11.9422,86.55,True
grande_70t,TS,28,28042,19,0.0,13.0793,86.55,True
grande_70t,TS,29,29042,19,0.0,13.1555,86.55,True
grande_70t,Hybrid,0,42,19,0.0,10.2080,86.55,True
grande_70t,Hybrid,1,1042,19,0.0,9.2721,86.55,True
grande_70t,Hybrid,2,2042,19,0.0,12.3014,86.55,True
grande_70t,Hybrid,3,3042,19,0.0,13.7312,86.55,True
grande_70t,Hybrid,4,4042,19,0.0,14.5982,86.55,True
grande_70t,Hybrid,5,5042,19,0.0,14.8485,86.55,True
grande_70t,Hybrid,6,6042,19,0.0,19.2380,86.55,True
grande_70t,Hybrid,7,7042,19,0.0,29.7351,86.55,True
grande_70t,Hybrid,8,8042,19,0.0,30.0082,86.55,True
grande_70t,Hybrid,9,9042,19,0.0,19.8333,86.55,True
grande_70t,Hybrid,10,10042,19,0.0,13.2149,86.55,True
grande_70t,Hybrid,11,11042,19,0.0,14.4314,86.55,True
grande_70t,Hybrid,12,12042,19,0.0,13.5320,86.55,True
grande_70t,Hybrid,13,13042,19,0.0,15.1508,86.55,True
grande_70t,Hybrid,14,14042,19,0.0,13.9788,86.55,True
grande_70t,Hybrid,15,15042,19,0.0,14.2741,86.55,True
grande_70t,Hybrid,16,16042,19,0.0,15.2527,86.55,True
grande_70t,Hybrid,17,17042,19,0.0,14.7562,86.55,True
grande_70t,Hybrid,18,18042,19,0.0,16.2832,86.55,True
grande_70t,Hybrid,19,19042,19,0.0,14.3465,86.55,True
grande_70t,Hybrid,20,20042,19,0.0,10.5572,86.55,True
grande_70t,Hybrid,21,21042,19,0.0,10.2579,86.55,True
grande_70t,Hybrid,22,22042,19,0.0,9.4410,86.55,True
grande_70t,Hybrid,23,23042,19,0.0,8.8013,86.55,True
grande_70t,Hybrid,24,24042,19,0.0,9.3429,86.55,True
grande_70t,Hybrid,25,25042,19,0.0,10.1712,86.55,True
grande_70t,Hybrid,26,26042,19,0.0,9.3674,86.55,True
grande_70t,Hybrid,27,27042,19,0.0,9.4928,86.55,True
grande_70t,Hybrid,28,28042,19,0.0,9.8336,86.55,True
grande_70t,Hybrid,29,29042,19,0.0,13.2369,86.55,True
muy_grande_100t,GA,0,42,25,0.0,9.6178,86.08,True
muy_grande_100t,GA,1,1042,25,0.0,7.5199,86.08,True
muy_grande_100t,GA,2,2042,25,0.0,7.9786,86.08,True
muy_grande_100t,GA,3,3042,25,0.0,9.4440,86.08,True
muy_grande_100t,GA,4,4042,25,0.0,12.5350,86.08,True
muy_grande_100t,GA,5,5042,25,0.0,11.6234,86.08,True
muy_grande_100t,GA,6,6042,25,0.0,10.9655,86.08,True
muy_grande_100t,GA,7,7042,25,0.0,11.0348,86.08,True
muy_grande_100t,GA,8,8042,25,0.0,12.3419,86.08,True
muy_grande_100t,GA,9,9042,25,0.0,12.5551,86.08,True
muy_grande_100t,GA,10,10042,25,0.0,13.6068,86.08,True
muy_grande_100t,GA,11,11042,25,0.0,12.1122,86.08,True
muy_grande_100t,GA,12,12042,25,0.0,12.9886,86.08,True
muy_grande_100t,GA,13,13042,25,0.0,11.7842,86.08,True
muy_grande_100t,GA,14,14042,25,0.0,11.9185,86.08,True
muy_grande_100t,GA,15,15042,25,0.0,14.0120,86.08,True
muy_grande_100t,GA,16,16042,25,0.0,22.9284,86.08,True
muy_grande_100t,GA,17,17042,25,0.0,24.6116,86.08,True
muy_grande_100t,GA,18,18042,25,0.0,24.5156,86.08,True
muy_grande_100t,GA,19,19042,25,0.0,24.9687,86.08,True
muy_grande_100t,GA,20,20042,25,0.0,24.6806,86.08,True
muy_grande_100t,GA,21,21042,25,0.0,26.7251,86.08,True
muy_grande_100t,GA,22,22042,25,0.0,25.2044,86.08,True
muy_grande_100t,GA,23,23042,25,0.0,24.5679,86.08,True
muy_grande_100t,GA,24,24042,25,0.0,25.6521,86.08,True
muy_grande_100t,GA,25,25042,25,0.0,24.9851,86.08,True
muy_grande_100t,GA,26,26042,25,0.0,26.5434,86.08,True
muy_grande_100t,GA,27,27042,25,0.0,24.7494,86.08,True
muy_grande_100t,GA,28,28042,25,0.0,25.1333,86.08,True
muy_grande_100t,GA,29,29042,25,0.0,26.1652,86.08,True
muy_grande_100t,TS,0,42,25,0.0,14.9921,86.08,True
muy_grande_100t,TS,1,1042,25,0.0,13.7604,86.08,True
muy_grande_100t,TS,2,2042,25,0.0,18.0155,86.08,True
muy_grande_100t,TS,3,3042,25,0.0,20.3869,86.08,True
muy_grande_100t,TS,4,4042,25,0.0,17.2935,86.08,True
muy_grande_100t,TS,5,5042,25,0.0,20.5916,86.08,True
muy_grande_100t,TS,6,6042,25,0.0,23.6090,86.08,True
muy_grande_100t,TS,7,7042,25,0.0,22.6540,86.08,True
muy_grande_100t,TS,8,8042,25,0.0,21.2554,86.08,True
muy_grande_100t,TS,9,9042,25,0.0,16.1332,86.08,True
muy_grande_100t,TS,10,10042,25,0.0,14.6698,86.08,True
muy_grande_100t,TS,11,11042,25,0.0,16.4362,86.08,True
muy_grande_100t,TS,12,12042,25,0.0,15.6191,86.08,True
muy_grande_100t,TS,13,13042,25,0.0,15.8169,86.08,True
muy_grande_100t,TS,14,14042,25,0.0,14.5916,86.08,True
muy_grande_100t,TS,15,15042,25,0.0,18.0617,86.08,True
muy_grande_100t,TS,16,16042,25,0.0,15.5979,86.08,True
muy_grande_100t,TS,17,17042,25,0.0,16.1809,86.08,True
muy_grande_100t,TS,18,18042,25,0.0,12.3430,86.08,True
muy_grande_100t,TS,19,19042,25,0.0,10.1981,86.08,True
muy_grande_100t,TS,20,20042,25,0.0,10.0363,86.08,True
muy_grande_100t,TS,21,21042,25,0.0,9.2481,86.08,True
muy_grande_100t,TS,22,22042,25,0.0,11.7845,86.08,True
muy_grande_100t,TS,23,23042,25,0.0,9.6600,86.08,True
muy_grande_100t,TS,24,24042,25,0.0,9.7312,86.08,True
muy_grande_100t,TS,25,25042,25,0.0,11.1044,86.08,True
muy_grande_100t,TS,26,26042,25,0.0,10.1532,86.08,True
muy_grande_100t,TS,27,27042,25,0.0,9.4648,86.08,True
muy_grande_100t,TS,28,28042,25,0.0,10.7153,86.08,True
muy_grande_100t,TS,29,29042,25,0.0,9.7141,86.08,True
muy_grande_100t,Hybrid,0,42,25,0.0,9.6819,86.08,True
muy_grande_100t,Hybrid,1,1042,25,0.0,10.9825,86.08,True
muy_grande_100t,Hybrid,2,2042,25,0.0,10.0479,86.08,True
muy_grande_100t,Hybrid,3,3042,25,0.0,10.5744,86.08,True
muy_grande_100t,Hybrid,4,4042,25,0.0,9.5782,86.08,True
muy_grande_100t,Hybrid,5,5042,25,0.0,10.3018,86.08,True
muy_grande_100t,Hybrid,6,6042,25,0.0,9.1362,86.08,True
muy_grande_100t,Hybrid,7,7042,25,0.0,9.4378,86.08,True
muy_grande_100t,Hybrid,8,8042,25,0.0,10.3085,86.08,True
muy_grande_100t,Hybrid,9,9042,25,0.0,10.8643,86.08,True
muy_grande_100t,Hybrid,10,10042,25,0.0,11.2623,86.08,True
muy_grande_100t,Hybrid,11,11042,25,0.0,10.4956,86.08,True
muy_grande_100t,Hybrid,12,12042,25,0.0,10.6851,86.08,True
muy_grande_100t,Hybrid,13,13042,25,0.0,11.1973,86.08,True
muy_grande_100t,Hybrid,14,14042,25,0.0,10.5573,86.08,True
muy_grande_100t,Hybrid,15,15042,25,0.0,10.2331,86.08,True
muy_grande_100t,Hybrid,16,16042,25,0.0,8.7372,86.08,True
muy_grande_100t,Hybrid,17,17042,25,0.0,8.3555,86.08,True
muy_grande_100t,Hybrid,18,18042,25,0.0,8.5391,86.08,True
muy_grande_100t,Hybrid,19,19042,25,0.0,8.4089,86.08,True
muy_grande_100t,Hybrid,20,20042,25,0.0,8.5556,86.08,True
muy_grande_100t,Hybrid,21,21042,25,0.0,8.3949,86.08,True
muy_grande_100t,Hybrid,22,22042,25,0.0,8.4375,86.08,True
muy_grande_100t,Hybrid,23,23042,25,0.0,8.5540,86.08,True
muy_grande_100t,Hybrid,24,24042,25,0.0,8.5988,86.08,True
muy_grande_100t,Hybrid,25,25042,25,0.0,9.0768,86.08,True
muy_grande_100t,Hybrid,26,26042,25,0.0,9.0285,86.08,True
muy_grande_100t,Hybrid,27,27042,25,0.0,8.4780,86.08,True
muy_grande_100t,Hybrid,28,28042,25,0.0,8.3655,86.08,True
muy_grande_100t,Hybrid,29,29042,25,0.0,9.0381,86.08,True
