product,date,month,year,value,variable_type,source_file,source_table,source_page
medio_pollo,2010-01-01,1,2010,87.496,production_tons,Avicultura-en-Cifras-2024_17-09-2024.pdf,Tabla 5.3.1,95
medio_pollo,2010-02-01,2,2010,86.606,production_tons,Avicultura-en-Cifras-2024_17-09-2024.pdf,Tabla 5.3.1,95
medio_pollo,2010-03-01,3,2010,80.926,production_tons,Avicultura-en-Cifras-2024_17-09-2024.pdf,Tabla 5.3.1,95
medio_pollo,2010-04-01,4,2010,85.826,production_tons,Avicultura-en-Cifras-2024_17-09-2024.pdf,Tabla 5.3.1,95
medio_pollo,2010-05-01,5,2010,87.623,production_tons,Avicultura-en-Cifras-2024_17-09-2024.pdf,Tabla 5.3.1,95
medio_pollo,2010-06-01,6,2010,87.431,production_tons,Avicultura-en-Cifras-2024_17-09-2024.pdf,Tabla 5.3.1,95
medio_pollo,2010-07-01,7,2010,87.014,production_tons,Avicultura-en-Cifras-2024_17-09-2024.pdf,Tabla 5.3.1,95
medio_pollo,2010-08-01,8,2010,90.615,production_tons,Avicultura-en-Cifras-2024_17-09-2024.pdf,Tabla 5.3.1,95
medio_pollo,2010-09-01,9,2010,93.332,production_tons,Avicultura-en-Cifras-2024_17-09-2024.pdf,Tabla 5.3.1,95
medio_pollo,2010-10-01,10,2010,92.828,production_tons,Avicultura-en-Cifras-2024_17-09-2024.pdf,Tabla 5.3.1,95
medio_pollo,2010-11-01,11,2010,93.535,production_tons,Avicultura-en-Cifras-2024_17-09-2024.pdf,Tabla 5.3.1,95
medio_pollo,2010-12-01,12,2010,93.71,production_tons,Avicultura-en-Cifras-2024_17-09-2024.pdf,Tabla 5.3.1,95
medio_pollo,2011-01-01,1,2011,89.725,production_tons,Avicultura-en-Cifras-2024_17-09-2024.pdf,Tabla 5.3.1,95
medio_pollo,2011-02-01,2,2011,87.26,production_tons,Avicultura-en-Cifras-2024_17-09-2024.pdf,Tabla 5.3.1,95
medio_pollo,2011-03-01,3,2011,84.701,production_tons,Avicultura-en-Cifras-2024_17-09-2024.pdf,Tabla 5.3.1,95
medio_pollo,2011-04-01,4,2011,91.639,production_tons,Avicultura-en-Cifras-2024_17-09-2024.pdf,Tabla 5.3.1,95
medio_pollo,2011-05-01,5,2011,89.995,production_tons,Avicultura-en-Cifras-2024_17-09-2024.pdf,Tabla 5.3.1,95
medio_pollo,2011-06-01,6,2011,90.378,production_tons,Avicultura-en-Cifras-2024_17-09-2024.pdf,Tabla 5.3.1,95
medio_pollo,2011-07-01,7,2011,88.383,production_tons,Avicultura-en-Cifras-2024_17-09-2024.pdf,Tabla 5.3.1,95
medio_pollo,2011-08-01,8,2011,84.125,production_tons,Avicultura-en-Cifras-2024_17-09-2024.pdf,Tabla 5.3.1,95
medio_pollo,2011-09-01,9,2011,88.683,production_tons,Avicultura-en-Cifras-2024_17-09-2024.pdf,Tabla 5.3.1,95
medio_pollo,2011-10-01,10,2011,93.058,production_tons,Avicultura-en-Cifras-2024_17-09-2024.pdf,Tabla 5.3.1,95
medio_pollo,2011-11-01,11,2011,94.835,production_tons,Avicultura-en-Cifras-2024_17-09-2024.pdf,Tabla 5.3.1,95
medio_pollo,2011-12-01,12,2011,92.207,production_tons,Avicultura-en-Cifras-2024_17-09-2024.pdf,Tabla 5.3.1,95
medio_pollo,2012-01-01,1,2012,91.722,production_tons,Avicultura-en-Cifras-2024_17-09-2024.pdf,Tabla 5.3.1,95
medio_pollo,2012-02-01,2,2012,94.142,production_tons,Avicultura-en-Cifras-2024_17-09-2024.pdf,Tabla 5.3.1,95
medio_pollo,2012-03-01,3,2012,88.748,production_tons,Avicultura-en-Cifras-2024_17-09-2024.pdf,Tabla 5.3.1,95
medio_pollo,2012-04-01,4,2012,92.013,production_tons,Avicultura-en-Cifras-2024_17-09-2024.pdf,Tabla 5.3.1,95
medio_pollo,2012-05-01,5,2012,93.279,production_tons,Avicultura-en-Cifras-2024_17-09-2024.pdf,Tabla 5.3.1,95
medio_pollo,2012-06-01,6,2012,91.315,production_tons,Avicultura-en-Cifras-2024_17-09-2024.pdf,Tabla 5.3.1,95
medio_pollo,2012-07-01,7,2012,85.935,production_tons,Avicultura-en-Cifras-2024_17-09-2024.pdf,Tabla 5.3.1,95
medio_pollo,2012-08-01,8,2012,90.466,production_tons,Avicultura-en-Cifras-2024_17-09-2024.pdf,Tabla 5.3.1,95
medio_pollo,2012-09-01,9,2012,95.905,production_tons,Avicultura-en-Cifras-2024_17-09-2024.pdf,Tabla 5.3.1,95
medio_pollo,2012-10-01,10,2012,91.873,production_tons,Avicultura-en-Cifras-2024_17-09-2024.pdf,Tabla 5.3.1,95
medio_pollo,2012-11-01,11,2012,97.307,production_tons,Avicultura-en-Cifras-2024_17-09-2024.pdf,Tabla 5.3.1,95
medio_pollo,2012-12-01,12,2012,99.555,production_tons,Avicultura-en-Cifras-2024_17-09-2024.pdf,Tabla 5.3.1,95
medio_pollo,2013-01-01,1,2013,102.364,production_tons,Avicultura-en-Cifras-2024_17-09-2024.pdf,Tabla 5.3.1,95
medio_pollo,2013-02-01,2,2013,102.876,production_tons,Avicultura-en-Cifras-2024_17-09-2024.pdf,Tabla 5.3.1,95
medio_pollo,2013-03-01,3,2013,98.33,production_tons,Avicultura-en-Cifras-2024_17-09-2024.pdf,Tabla 5.3.1,95
medio_pollo,2013-04-01,4,2013,96.164,production_tons,Avicultura-en-Cifras-2024_17-09-2024.pdf,Tabla 5.3.1,95
medio_pollo,2013-05-01,5,2013,102.076,production_tons,Avicultura-en-Cifras-2024_17-09-2024.pdf,Tabla 5.3.1,95
medio_pollo,2013-06-01,6,2013,108.351,production_tons,Avicultura-en-Cifras-2024_17-09-2024.pdf,Tabla 5.3.1,95
medio_pollo,2013-07-01,7,2013,104.105,production_tons,Avicultura-en-Cifras-2024_17-09-2024.pdf,Tabla 5.3.1,95
medio_pollo,2013-08-01,8,2013,109.812,production_tons,Avicultura-en-Cifras-2024_17-09-2024.pdf,Tabla 5.3.1,95
medio_pollo,2013-09-01,9,2013,113.43,production_tons,Avicultura-en-Cifras-2024_17-09-2024.pdf,Tabla 5.3.1,95
medio_pollo,2013-10-01,10,2013,110.209,production_tons,Avicultura-en-Cifras-2024_17-09-2024.pdf,Tabla 5.3.1,95
medio_pollo,2013-11-01,11,2013,114.716,production_tons,Avicultura-en-Cifras-2024_17-09-2024.pdf,Tabla 5.3.1,95
medio_pollo,2013-12-01,12,2013,111.838,production_tons,Avicultura-en-Cifras-2024_17-09-2024.pdf,Tabla 5.3.1,95
medio_pollo,2014-01-01,1,2014,106.197,production_tons,Avicultura-en-Cifras-2024_17-09-2024.pdf,Tabla 5.3.1,95
medio_pollo,2014-02-01,2,2014,110.134,production_tons,Avicultura-en-Cifras-2024_17-09-2024.pdf,Tabla 5.3.1,95
medio_pollo,2014-03-01,3,2014,103.197,production_tons,Avicultura-en-Cifras-2024_17-09-2024.pdf,Tabla 5.3.1,95
medio_pollo,2014-04-01,4,2014,105.954,production_tons,Avicultura-en-Cifras-2024_17-09-2024.pdf,Tabla 5.3.1,95
medio_pollo,2014-05-01,5,2014,109.403,production_tons,Avicultura-en-Cifras-2024_17-09-2024.pdf,Tabla 5.3.1,95
medio_pollo,2014-06-01,6,2014,112.678,production_tons,Avicultura-en-Cifras-2024_17-09-2024.pdf,Tabla 5.3.1,95
medio_pollo,2014-07-01,7,2014,111.062,production_tons,Avicultura-en-Cifras-2024_17-09-2024.pdf,Tabla 5.3.1,95
medio_pollo,2014-08-01,8,2014,116.671,production_tons,Avicultura-en-Cifras-2024_17-09-2024.pdf,Tabla 5.3.1,95
medio_pollo,2014-09-01,9,2014,116.617,production_tons,Avicultura-en-Cifras-2024_17-09-2024.pdf,Tabla 5.3.1,95
medio_pollo,2014-10-01,10,2014,121.499,production_tons,Avicultura-en-Cifras-2024_17-09-2024.pdf,Tabla 5.3.1,95
medio_pollo,2014-11-01,11,2014,126.515,production_tons,Avicultura-en-Cifras-2024_17-09-2024.pdf,Tabla 5.3.1,95
medio_pollo,2014-12-01,12,2014,119.226,production_tons,Avicultura-en-Cifras-2024_17-09-2024.pdf,Tabla 5.3.1,95
medio_pollo,2015-01-01,1,2015,115.793,production_tons,Avicultura-en-Cifras-2024_17-09-2024.pdf,Tabla 5.3.1,95
medio_pollo,2015-02-01,2,2015,118.873,production_tons,Avicultura-en-Cifras-2024_17-09-2024.pdf,Tabla 5.3.1,95
medio_pollo,2015-03-01,3,2015,113.714,production_tons,Avicultura-en-Cifras-2024_17-09-2024.pdf,Tabla 5.3.1,95
medio_pollo,2015-04-01,4,2015,119.044,production_tons,Avicultura-en-Cifras-2024_17-09-2024.pdf,Tabla 5.3.1,95
medio_pollo,2015-05-01,5,2015,120.467,production_tons,Avicultura-en-Cifras-2024_17-09-2024.pdf,Tabla 5.3.1,95
medio_pollo,2015-06-01,6,2015,113.405,production_tons,Avicultura-en-Cifras-2024_17-09-2024.pdf,Tabla 5.3.1,95
medio_pollo,2015-07-01,7,2015,113.3,production_tons,Avicultura-en-Cifras-2024_17-09-2024.pdf,Tabla 5.3.1,95
medio_pollo,2015-08-01,8,2015,118.715,production_tons,Avicultura-en-Cifras-2024_17-09-2024.pdf,Tabla 5.3.1,95
medio_pollo,2015-09-01,9,2015,119.359,production_tons,Avicultura-en-Cifras-2024_17-09-2024.pdf,Tabla 5.3.1,95
medio_pollo,2015-10-01,10,2015,119.806,production_tons,Avicultura-en-Cifras-2024_17-09-2024.pdf,Tabla 5.3.1,95
medio_pollo,2015-11-01,11,2015,125.71,production_tons,Avicultura-en-Cifras-2024_17-09-2024.pdf,Tabla 5.3.1,95
medio_pollo,2015-12-01,12,2015,126.202,production_tons,Avicultura-en-Cifras-2024_17-09-2024.pdf,Tabla 5.3.1,95
medio_pollo,2016-01-01,1,2016,124.207,production_tons,Avicultura-en-Cifras-2024_17-09-2024.pdf,Tabla 5.3.1,95
medio_pollo,2016-02-01,2,2016,120.032,production_tons,Avicultura-en-Cifras-2024_17-09-2024.pdf,Tabla 5.3.1,95
medio_pollo,2016-03-01,3,2016,117.025,production_tons,Avicultura-en-Cifras-2024_17-09-2024.pdf,Tabla 5.3.1,95
medio_pollo,2016-04-01,4,2016,121.57,production_tons,Avicultura-en-Cifras-2024_17-09-2024.pdf,Tabla 5.3.1,95
medio_pollo,2016-05-01,5,2016,119.59,production_tons,Avicultura-en-Cifras-2024_17-09-2024.pdf,Tabla 5.3.1,95
medio_pollo,2016-06-01,6,2016,120.656,production_tons,Avicultura-en-Cifras-2024_17-09-2024.pdf,Tabla 5.3.1,95
medio_pollo,2016-07-01,7,2016,119.708,production_tons,Avicultura-en-Cifras-2024_17-09-2024.pdf,Tabla 5.3.1,95
medio_pollo,2016-08-01,8,2016,118.099,production_tons,Avicultura-en-Cifras-2024_17-09-2024.pdf,Tabla 5.3.1,95
medio_pollo,2016-09-01,9,2016,126.96,production_tons,Avicultura-en-Cifras-2024_17-09-2024.pdf,Tabla 5.3.1,95
medio_pollo,2016-10-01,10,2016,130.587,production_tons,Avicultura-en-Cifras-2024_17-09-2024.pdf,Tabla 5.3.1,95
medio_pollo,2016-11-01,11,2016,129.761,production_tons,Avicultura-en-Cifras-2024_17-09-2024.pdf,Tabla 5.3.1,95
medio_pollo,2016-12-01,12,2016,130.728,production_tons,Avicultura-en-Cifras-2024_17-09-2024.pdf,Tabla 5.3.1,95
medio_pollo,2017-01-01,1,2017,131.66,production_tons,Avicultura-en-Cifras-2024_17-09-2024.pdf,Tabla 5.3.1,95
medio_pollo,2017-02-01,2,2017,130.485,production_tons,Avicultura-en-Cifras-2024_17-09-2024.pdf,Tabla 5.3.1,95
medio_pollo,2017-03-01,3,2017,121.953,production_tons,Avicultura-en-Cifras-2024_17-09-2024.pdf,Tabla 5.3.1,95
medio_pollo,2017-04-01,4,2017,123.963,production_tons,Avicultura-en-Cifras-2024_17-09-2024.pdf,Tabla 5.3.1,95
medio_pollo,2017-05-01,5,2017,122.846,production_tons,Avicultura-en-Cifras-2024_17-09-2024.pdf,Tabla 5.3.1,95
medio_pollo,2017-06-01,6,2017,126.746,production_tons,Avicultura-en-Cifras-2024_17-09-2024.pdf,Tabla 5.3.1,95
medio_pollo,2017-07-01,7,2017,130.163,production_tons,Avicultura-en-Cifras-2024_17-09-2024.pdf,Tabla 5.3.1,95
medio_pollo,2017-08-01,8,2017,128.388,production_tons,Avicultura-en-Cifras-2024_17-09-2024.pdf,Tabla 5.3.1,95
medio_pollo,2017-09-01,9,2017,136.74,production_tons,Avicultura-en-Cifras-2024_17-09-2024.pdf,Tabla 5.3.1,95
medio_pollo,2017-10-01,10,2017,134.601,production_tons,Avicultura-en-Cifras-2024_17-09-2024.pdf,Tabla 5.3.1,95
medio_pollo,2017-11-01,11,2017,138.999,production_tons,Avicultura-en-Cifras-2024_17-09-2024.pdf,Tabla 5.3.1,95
medio_pollo,2017-12-01,12,2017,137.064,production_tons,Avicultura-en-Cifras-2024_17-09-2024.pdf,Tabla 5.3.1,95
medio_pollo,2018-01-01,1,2018,126.092,production_tons,Avicultura-en-Cifras-2024_17-09-2024.pdf,Tabla 5.3.1,95
medio_pollo,2018-02-01,2,2018,128.87,production_tons,Avicultura-en-Cifras-2024_17-09-2024.pdf,Tabla 5.3.1,95
medio_pollo,2018-03-01,3,2018,125.704,production_tons,Avicultura-en-Cifras-2024_17-09-2024.pdf,Tabla 5.3.1,95
medio_pollo,2018-04-01,4,2018,133.765,production_tons,Avicultura-en-Cifras-2024_17-09-2024.pdf,Tabla 5.3.1,95
medio_pollo,2018-05-01,5,2018,137.389,production_tons,Avicultura-en-Cifras-2024_17-09-2024.pdf,Tabla 5.3.1,95
medio_pollo,2018-06-01,6,2018,141.775,production_tons,Avicultura-en-Cifras-2024_17-09-2024.pdf,Tabla 5.3.1,95
medio_pollo,2018-07-01,7,2018,137.682,production_tons,Avicultura-en-Cifras-2024_17-09-2024.pdf,Tabla 5.3.1,95
medio_pollo,2018-08-01,8,2018,138.701,production_tons,Avicultura-en-Cifras-2024_17-09-2024.pdf,Tabla 5.3.1,95
medio_pollo,2018-09-01,9,2018,143.772,production_tons,Avicultura-en-Cifras-2024_17-09-2024.pdf,Tabla 5.3.1,95
medio_pollo,2018-10-01,10,2018,134.468,production_tons,Avicultura-en-Cifras-2024_17-09-2024.pdf,Tabla 5.3.1,95
medio_pollo,2018-11-01,11,2018,140.107,production_tons,Avicultura-en-Cifras-2024_17-09-2024.pdf,Tabla 5.3.1,95
medio_pollo,2018-12-01,12,2018,141.335,production_tons,Avicultura-en-Cifras-2024_17-09-2024.pdf,Tabla 5.3.1,95
medio_pollo,2019-01-01,1,2019,134.115,production_tons,Avicultura-en-Cifras-2024_17-09-2024.pdf,Tabla 5.3.1,95
medio_pollo,2019-02-01,2,2019,135.908,production_tons,Avicultura-en-Cifras-2024_17-09-2024.pdf,Tabla 5.3.1,95
medio_pollo,2019-03-01,3,2019,129.794,production_tons,Avicultura-en-Cifras-2024_17-09-2024.pdf,Tabla 5.3.1,95
medio_pollo,2019-04-01,4,2019,131.683,production_tons,Avicultura-en-Cifras-2024_17-09-2024.pdf,Tabla 5.3.1,95
medio_pollo,2019-05-01,5,2019,140.61,production_tons,Avicultura-en-Cifras-2024_17-09-2024.pdf,Tabla 5.3.1,95
medio_pollo,2019-06-01,6,2019,147.0,production_tons,Avicultura-en-Cifras-2024_17-09-2024.pdf,Tabla 5.3.1,95
medio_pollo,2019-07-01,7,2019,139.212,production_tons,Avicultura-en-Cifras-2024_17-09-2024.pdf,Tabla 5.3.1,95
medio_pollo,2019-08-01,8,2019,139.891,production_tons,Avicultura-en-Cifras-2024_17-09-2024.pdf,Tabla 5.3.1,95
medio_pollo,2019-09-01,9,2019,149.043,production_tons,Avicultura-en-Cifras-2024_17-09-2024.pdf,Tabla 5.3.1,95
medio_pollo,2019-10-01,10,2019,143.802,production_tons,Avicultura-en-Cifras-2024_17-09-2024.pdf,Tabla 5.3.1,95
medio_pollo,2019-11-01,11,2019,152.613,production_tons,Avicultura-en-Cifras-2024_17-09-2024.pdf,Tabla 5.3.1,95
medio_pollo,2019-12-01,12,2019,149.507,production_tons,Avicultura-en-Cifras-2024_17-09-2024.pdf,Tabla 5.3.1,95
medio_pollo,2020-01-01,1,2020,143.718,production_tons,Avicultura-en-Cifras-2024_17-09-2024.pdf,Tabla 5.3.1,95
medio_pollo,2020-02-01,2,2020,147.147,production_tons,Avicultura-en-Cifras-2024_17-09-2024.pdf,Tabla 5.3.1,95
medio_pollo,2020-03-01,3,2020,137.739,production_tons,Avicultura-en-Cifras-2024_17-09-2024.pdf,Tabla 5.3.1,95
medio_pollo,2020-04-01,4,2020,136.48,production_tons,Avicultura-en-Cifras-2024_17-09-2024.pdf,Tabla 5.3.1,95
medio_pollo,2020-05-01,5,2020,116.093,production_tons,Avicultura-en-Cifras-2024_17-09-2024.pdf,Tabla 5.3.1,95
medio_pollo,2020-06-01,6,2020,102.369,production_tons,Avicultura-en-Cifras-2024_17-09-2024.pdf,Tabla 5.3.1,95
medio_pollo,2020-07-01,7,2020,118.465,production_tons,Avicultura-en-Cifras-2024_17-09-2024.pdf,Tabla 5.3.1,95
medio_pollo,2020-08-01,8,2020,138.649,production_tons,Avicultura-en-Cifras-2024_17-09-2024.pdf,Tabla 5.3.1,95
medio_pollo,2020-09-01,9,2020,143.974,production_tons,Avicultura-en-Cifras-2024_17-09-2024.pdf,Tabla 5.3.1,95
medio_pollo,2020-10-01,10,2020,144.064,production_tons,Avicultura-en-Cifras-2024_17-09-2024.pdf,Tabla 5.3.1,95
medio_pollo,2020-11-01,11,2020,148.785,production_tons,Avicultura-en-Cifras-2024_17-09-2024.pdf,Tabla 5.3.1,95
medio_pollo,2020-12-01,12,2020,142.301,production_tons,Avicultura-en-Cifras-2024_17-09-2024.pdf,Tabla 5.3.1,95
medio_pollo,2021-01-01,1,2021,133.651,production_tons,Avicultura-en-Cifras-2024_17-09-2024.pdf,Tabla 5.3.1,95
medio_pollo,2021-02-01,2,2021,134.213,production_tons,Avicultura-en-Cifras-2024_17-09-2024.pdf,Tabla 5.3.1,95
medio_pollo,2021-03-01,3,2021,129.669,production_tons,Avicultura-en-Cifras-2024_17-09-2024.pdf,Tabla 5.3.1,95
medio_pollo,2021-04-01,4,2021,145.854,production_tons,Avicultura-en-Cifras-2024_17-09-2024.pdf,Tabla 5.3.1,95
medio_pollo,2021-05-01,5,2021,147.161,production_tons,Avicultura-en-Cifras-2024_17-09-2024.pdf,Tabla 5.3.1,95
medio_pollo,2021-06-01,6,2021,128.269,production_tons,Avicultura-en-Cifras-2024_17-09-2024.pdf,Tabla 5.3.1,95
medio_pollo,2021-07-01,7,2021,129.431,production_tons,Avicultura-en-Cifras-2024_17-09-2024.pdf,Tabla 5.3.1,95
medio_pollo,2021-08-01,8,2021,141.918,production_tons,Avicultura-en-Cifras-2024_17-09-2024.pdf,Tabla 5.3.1,95
medio_pollo,2021-09-01,9,2021,150.464,production_tons,Avicultura-en-Cifras-2024_17-09-2024.pdf,Tabla 5.3.1,95
medio_pollo,2021-10-01,10,2021,149.214,production_tons,Avicultura-en-Cifras-2024_17-09-2024.pdf,Tabla 5.3.1,95
medio_pollo,2021-11-01,11,2021,150.819,production_tons,Avicultura-en-Cifras-2024_17-09-2024.pdf,Tabla 5.3.1,95
medio_pollo,2021-12-01,12,2021,153.671,production_tons,Avicultura-en-Cifras-2024_17-09-2024.pdf,Tabla 5.3.1,95
medio_pollo,2022-01-01,1,2022,148.78,production_tons,Avicultura-en-Cifras-2024_17-09-2024.pdf,Tabla 5.3.1,95
medio_pollo,2022-02-01,2,2022,147.753,production_tons,Avicultura-en-Cifras-2024_17-09-2024.pdf,Tabla 5.3.1,95
medio_pollo,2022-03-01,3,2022,139.975,production_tons,Avicultura-en-Cifras-2024_17-09-2024.pdf,Tabla 5.3.1,95
medio_pollo,2022-04-01,4,2022,148.835,production_tons,Avicultura-en-Cifras-2024_17-09-2024.pdf,Tabla 5.3.1,95
medio_pollo,2022-05-01,5,2022,150.382,production_tons,Avicultura-en-Cifras-2024_17-09-2024.pdf,Tabla 5.3.1,95
medio_pollo,2022-06-01,6,2022,152.736,production_tons,Avicultura-en-Cifras-2024_17-09-2024.pdf,Tabla 5.3.1,95
medio_pollo,2022-07-01,7,2022,149.93,production_tons,Avicultura-en-Cifras-2024_17-09-2024.pdf,Tabla 5.3.1,95
medio_pollo,2022-08-01,8,2022,149.607,production_tons,Avicultura-en-Cifras-2024_17-09-2024.pdf,Tabla 5.3.1,95
medio_pollo,2022-09-01,9,2022,156.883,production_tons,Avicultura-en-Cifras-2024_17-09-2024.pdf,Tabla 5.3.1,95
medio_pollo,2022-10-01,10,2022,160.015,production_tons,Avicultura-en-Cifras-2024_17-09-2024.pdf,Tabla 5.3.1,95
medio_pollo,2022-11-01,11,2022,158.998,production_tons,Avicultura-en-Cifras-2024_17-09-2024.pdf,Tabla 5.3.1,95
medio_pollo,2022-12-01,12,2022,156.232,production_tons,Avicultura-en-Cifras-2024_17-09-2024.pdf,Tabla 5.3.1,95
medio_pollo,2023-01-01,1,2023,152.779,production_tons,Avicultura-en-Cifras-2024_17-09-2024.pdf,Tabla 5.3.1,95
medio_pollo,2023-02-01,2,2023,154.943,production_tons,Avicultura-en-Cifras-2024_17-09-2024.pdf,Tabla 5.3.1,95
medio_pollo,2023-03-01,3,2023,141.343,production_tons,Avicultura-en-Cifras-2024_17-09-2024.pdf,Tabla 5.3.1,95
medio_pollo,2023-04-01,4,2023,146.778,production_tons,Avicultura-en-Cifras-2024_17-09-2024.pdf,Tabla 5.3.1,95
medio_pollo,2023-05-01,5,2023,138.726,production_tons,Avicultura-en-Cifras-2024_17-09-2024.pdf,Tabla 5.3.1,95
medio_pollo,2023-06-01,6,2023,143.836,production_tons,Avicultura-en-Cifras-2024_17-09-2024.pdf,Tabla 5.3.1,95
medio_pollo,2023-07-01,7,2023,151.161,production_tons,Avicultura-en-Cifras-2024_17-09-2024.pdf,Tabla 5.3.1,95
medio_pollo,2023-08-01,8,2023,152.114,production_tons,Avicultura-en-Cifras-2024_17-09-2024.pdf,Tabla 5.3.1,95
medio_pollo,2023-09-01,9,2023,160.169,production_tons,Avicultura-en-Cifras-2024_17-09-2024.pdf,Tabla 5.3.1,95
medio_pollo,2023-10-01,10,2023,156.992,production_tons,Avicultura-en-Cifras-2024_17-09-2024.pdf,Tabla 5.3.1,95
medio_pollo,2023-11-01,11,2023,161.527,production_tons,Avicultura-en-Cifras-2024_17-09-2024.pdf,Tabla 5.3.1,95
medio_pollo,2023-12-01,12,2023,156.764,production_tons,Avicultura-en-Cifras-2024_17-09-2024.pdf,Tabla 5.3.1,95
