algorithm,n_evaluations,mean_norm_z,std_norm_z,n_runs
ga,0.0,0.0,0.0,270
ga,101.46540880503144,0.01597225495384864,0.02956350635437994,270
ga,202.9308176100629,0.11071356486100356,0.12192486998244456,270
ga,304.39622641509436,0.20325187602454717,0.1491603850558224,270
ga,405.8616352201258,0.2911564171136951,0.14563048841400253,270
ga,507.3270440251572,0.3645818933988399,0.14399074141422058,270
ga,608.7924528301887,0.4262971056306633,0.14337289537116557,270
ga,710.2578616352201,0.5030339809038727,0.13584162314845946,270
ga,811.7232704402516,0.552984244551819,0.12233346694630194,270
ga,913.188679245283,0.6023375788671637,0.11881023909893933,270
ga,1014.6540880503144,0.6407081675255494,0.11264025232283736,270
ga,1116.119496855346,0.6725197175229456,0.10884018309220671,270
ga,1217.5849056603774,0.6978805235707262,0.10585638788078033,270
ga,1319.0503144654087,0.7240889471913476,0.0949489942346956,270
ga,1420.5157232704403,0.7485326152069616,0.08823062342063355,270
ga,1521.9811320754716,0.7680478831386476,0.08754374141487432,270
ga,1623.446540880503,0.7835850854560148,0.08455419987343102,270
ga,1724.9119496855346,0.8007782823944077,0.08092794063997158,270
ga,1826.377358490566,0.8134953945209301,0.07729968417561818,270
ga,1927.8427672955975,0.8249642973521869,0.0759816749611259,270
ga,2029.3081761006288,0.8357983763794595,0.07308985582504077,270
ga,2130.7735849056603,0.8483413343685317,0.06957342249229737,270
ga,2232.238993710692,0.8598411797645235,0.06846366375289246,270
ga,2333.7044025157234,0.8696123144958464,0.06687717627905332,270
ga,2435.169811320755,0.8779370000919903,0.065000722973274,270
ga,2536.635220125786,0.8872260443959519,0.06289360403227269,270
ga,2638.1006289308175,0.8969983353412343,0.061355748644022344,270
ga,2739.566037735849,0.9038250350454006,0.05990147506212989,270
ga,2841.0314465408806,0.9099283459864639,0.05708357308302055,270
ga,2942.496855345912,0.9149515529872023,0.054970651443723616,270
ga,3043.962264150943,0.9195442872756165,0.05449624318311961,270
ga,3145.4276729559747,0.9246869298229646,0.05398077811172832,270
ga,3246.893081761006,0.9292120021508974,0.05232626510842558,270
ga,3348.3584905660377,0.9333390237484942,0.05190111912600467,270
ga,3449.8238993710693,0.9374009814058331,0.05200918706927769,270
ga,3551.2893081761003,0.9412459964259933,0.05211417706996429,270
ga,3652.754716981132,0.9454488075703943,0.052448647410816555,270
ga,3754.2201257861634,0.9491496147270296,0.05218330852387285,270
ga,3855.685534591195,0.9520401373163738,0.051563296213893606,270
ga,3957.1509433962265,0.954749149123791,0.051180302422905416,270
ga,4058.6163522012575,0.9568461591653854,0.05091445513262791,270
ga,4160.0817610062895,0.9592133131171063,0.05022623589250044,270
ga,4261.547169811321,0.961645739575454,0.049346144497594197,270
ga,4363.012578616352,0.963457669143381,0.04918457768054786,270
ga,4464.477987421384,0.9647664187188927,0.048935400258216535,270
ga,4565.943396226415,0.9663520855027212,0.0482765623046575,270
ga,4667.408805031447,0.9675347804007138,0.047920164152361104,270
ga,4768.874213836478,0.9684300004173668,0.04700191399925972,270
ga,4870.33962264151,0.9693852176454283,0.04626781939064715,270
ga,4971.805031446541,0.9702660829060217,0.045348054411966376,270
ga,5073.270440251572,0.9712004840313987,0.044000201855974884,270
ga,5174.735849056604,0.9722430228304284,0.04320173111137468,270
ga,5276.201257861635,0.9730824751771323,0.04235355690689318,270
ga,5377.666666666667,0.9736830590379184,0.041676772901111825,270
ga,5479.132075471698,0.9742189684680713,0.04116446094107495,270
ga,5580.597484276729,0.974824655760663,0.04051891646819075,270
ga,5682.062893081761,0.9752923723344951,0.039911747265993155,270
ga,5783.528301886792,0.9757352557339826,0.03946099962141779,270
ga,5884.993710691824,0.9762018447373464,0.038896929004949114,270
ga,5986.459119496855,0.976862058017266,0.03797280829060537,270
ga,6087.924528301886,0.977165892058695,0.03759707892237788,270
ga,6189.389937106918,0.9774518795718248,0.037087796694833995,270
ga,6290.855345911949,0.9778134619142473,0.03664654761105383,270
ga,6392.320754716981,0.9781844307594234,0.03605461273727402,270
ga,6493.786163522012,0.9785994081469678,0.03541739546909187,270
ga,6595.2515723270435,0.9791253414359876,0.03454925940682148,270
ga,6696.7169811320755,0.9794096363067312,0.034155023354752685,270
ga,6798.182389937107,0.9798155963195094,0.033492104294055275,270
ga,6899.647798742139,0.9801840474442963,0.032991213322507436,270
ga,7001.11320754717,0.980470375319951,0.032605687302160985,270
ga,7102.578616352201,0.9809580044618573,0.031874297905598314,270
ga,7204.044025157233,0.981308742936703,0.031454064675773656,270
ga,7305.509433962264,0.9817598176910849,0.03096101979395443,270
ga,7406.974842767296,0.9821378981820829,0.030453631234200217,270
ga,7508.440251572327,0.9825394936886804,0.029787335230563077,270
ga,7609.905660377358,0.9829198980244095,0.029142009370982106,270
ga,7711.37106918239,0.983327215279565,0.028602310343846304,270
ga,7812.836477987421,0.983745917086808,0.027896096917157772,270
ga,7914.301886792453,0.9841181573851167,0.02703767511000301,270
ga,8015.767295597484,0.9844859084308926,0.02611998495635639,270
ga,8117.232704402515,0.9847582665057336,0.0258040133713002,270
ga,8218.698113207547,0.9850419314245542,0.02550982242987663,270
ga,8320.163522012579,0.9853249071691207,0.02517097855498934,270
ga,8421.62893081761,0.9856346213778042,0.024690086149204454,270
ga,8523.094339622641,0.985795411133636,0.024523076404828415,270
ga,8624.559748427673,0.9861780294090358,0.023990646816531656,270
ga,8726.025157232703,0.9864722868521213,0.023482369464315936,270
ga,8827.490566037735,0.9866533140215515,0.023255163412928978,270
ga,8928.955974842767,0.9868690775610789,0.022973575039824546,270
ga,9030.4213836478,0.9871972108568092,0.022473262318746835,270
ga,9131.88679245283,0.9874239251371383,0.02214460478302414,270
ga,9233.352201257861,0.9876122860911729,0.02185631546844873,270
ga,9334.817610062893,0.9878448390252844,0.021626659176807315,270
ga,9436.283018867924,0.9880799019367047,0.02131999253068382,270
ga,9537.748427672956,0.9883055346609918,0.02095564674524837,270
ga,9639.213836477988,0.9885629482210736,0.020601078320487454,270
ga,9740.67924528302,0.9888754031609553,0.02024438414846174,270
ga,9842.14465408805,0.9892495840655051,0.019826732049951473,270
ga,9943.610062893082,0.9895177838404388,0.019503278535288368,270
ga,10045.075471698114,0.9896172951417933,0.01931405716637006,270
ga,10146.540880503144,0.9898596301494068,0.018848635215667906,270
ga,10248.006289308176,0.9901833818770085,0.01846759678987301,270
ga,10349.471698113208,0.9903662164355481,0.018301723732636496,270
ga,10450.937106918238,0.9905962222674362,0.018080320924915023,270
ga,10552.40251572327,0.9907535326643598,0.017871742326837345,270
ga,10653.867924528302,0.9909021973300178,0.017697575033602437,270
ga,10755.333333333334,0.9914097677364467,0.016653383474134066,270
ga,10856.798742138364,0.9917826142281974,0.016147987899306944,270
ga,10958.264150943396,0.9919002843781252,0.01604170767062385,270
ga,11059.729559748428,0.9920309267051121,0.015913601581504806,270
ga,11161.194968553458,0.9921650121371413,0.015686009914342953,270
ga,11262.66037735849,0.9923457369649752,0.015268542061423583,270
ga,11364.125786163522,0.9925191069353142,0.015102828732353874,270
ga,11465.591194968552,0.9926580734966847,0.01502220493998863,270
ga,11567.056603773584,0.9928140506549442,0.014731452047382847,270
ga,11668.522012578616,0.9929753988832452,0.014267893713125467,270
ga,11769.987421383648,0.993124489759427,0.013903320685345,270
ga,11871.452830188678,0.9933545964715685,0.013587974934685889,270
ga,11972.91823899371,0.993549293626866,0.013349700901255127,270
ga,12074.383647798742,0.993750765814904,0.012924171222660182,270
ga,12175.849056603773,0.9939085715087888,0.01270728435645812,270
ga,12277.314465408805,0.9940746441214291,0.012467100731585114,270
ga,12378.779874213837,0.9942705313543527,0.012184093805714936,270
ga,12480.245283018867,0.9943828740719703,0.012109515954491073,270
ga,12581.710691823899,0.9945654553927038,0.011864438815327966,270
ga,12683.17610062893,0.9949017639772408,0.011497785814406842,270
ga,12784.641509433963,0.9950826510291026,0.011108942486045008,270
ga,12886.106918238993,0.9951829821774191,0.010789981169385291,270
ga,12987.572327044025,0.9954677200658565,0.010127513470774039,270
ga,13089.037735849057,0.9956319330248647,0.0099178496003098,270
ga,13190.503144654087,0.995761431826002,0.00973459866996142,270
ga,13291.968553459119,0.9958993593553224,0.009567808649216953,270
ga,13393.433962264151,0.9963125059756754,0.00761059350330829,270
ga,13494.899371069183,0.9965464059336648,0.0072597283454354285,270
ga,13596.364779874213,0.9967288927380947,0.0069831185480158766,270
ga,13697.830188679245,0.9968549238512925,0.006806959277501155,270
ga,13799.295597484277,0.9971253046870038,0.006275059852151309,270
ga,13900.761006289307,0.9972384153482322,0.006078080270388616,270
ga,14002.22641509434,0.9974199568154025,0.005812563003943535,270
ga,14103.691823899371,0.9975035292449813,0.005649253903432195,270
ga,14205.157232704401,0.9975842566959567,0.005571708175567767,270
ga,14306.622641509433,0.9978548114224749,0.005093086721680283,270
ga,14408.088050314465,0.997970044243081,0.005000764000246519,270
ga,14509.553459119497,0.9980789608564424,0.004898685529597577,270
ga,14611.018867924528,0.9981583483885133,0.004845631551417345,270
ga,14712.48427672956,0.9982583789375343,0.004731180725585907,270
ga,14813.949685534591,0.9983863203579947,0.004641970194176304,270
ga,14915.415094339622,0.9985116133073706,0.004545591531514142,270
ga,15016.880503144654,0.9986025650579067,0.004468276147815691,270
ga,15118.345911949686,0.9987154837018224,0.004342595082338829,270
ga,15219.811320754716,0.9988361184670276,0.004009333146398781,270
ga,15321.276729559748,0.9989671299449145,0.003644540885167551,270
ga,15422.74213836478,0.9991054119488951,0.0030371707415518105,270
ga,15524.207547169812,0.9992041903020907,0.0029300859142036132,270
ga,15625.672955974842,0.9993499991782515,0.0026495587368451285,270
ga,15727.138364779874,0.9993954855023398,0.002483196902094675,270
ga,15828.603773584906,0.9995696833801956,0.0016643272716344829,270
ga,15930.069182389936,0.9997114120673738,0.0013455352692611654,270
ga,16031.534591194968,0.9998303005378255,0.0011756354774538056,270
ga,16133.0,1.0,0.0,270
sa,0.0,1.1233440500606893e-07,1.8424212301833075e-06,270
sa,5.566037735849057,0.01310992664342006,0.01608227023329438,270
sa,11.132075471698114,0.04079930274727093,0.028927050213495162,270
sa,16.69811320754717,0.0675207279447787,0.03854698811298067,270
sa,22.264150943396228,0.10071257894890887,0.04835315745783166,270
sa,27.830188679245285,0.12821581253757894,0.05319951216326884,270
sa,33.39622641509434,0.15129509804946675,0.05168172923091283,270
sa,38.9622641509434,0.17628540441125828,0.06018350931364362,270
sa,44.528301886792455,0.19904952638043868,0.06788646852264883,270
sa,50.09433962264151,0.22027092848117716,0.07527999985450551,270
sa,55.66037735849057,0.2405408453821629,0.08208238655374549,270
sa,61.22641509433963,0.2597477928349347,0.08663621770368256,270
sa,66.79245283018868,0.28037233637299935,0.08666233739006897,270
sa,72.35849056603774,0.3059478542880532,0.08754274236046823,270
sa,77.9245283018868,0.32997637790127465,0.08939790149790457,270
sa,83.49056603773586,0.34741222561894924,0.09623166241975913,270
sa,89.05660377358491,0.37169733169150104,0.10517592655496318,270
sa,94.62264150943396,0.3933593486312511,0.10696140135630021,270
sa,100.18867924528303,0.40862959213571026,0.111460992808642,270
sa,105.75471698113208,0.42742860413545136,0.11742352504522068,270
sa,111.32075471698114,0.44218894475517306,0.12086068637867381,270
sa,116.88679245283019,0.46238201550188596,0.123068160995289,270
sa,122.45283018867926,0.4757710759295799,0.12439663171103649,270
sa,128.0188679245283,0.4903805555203764,0.12831929181566862,270
sa,133.58490566037736,0.5063918383112875,0.12852521442939357,270
sa,139.1509433962264,0.5219923870346481,0.1339932562140998,270
sa,144.7169811320755,0.5330199848309722,0.1382222621932853,270
sa,150.28301886792454,0.5451324939543825,0.13751382003476598,270
sa,155.8490566037736,0.5637131489360707,0.13836834067045067,270
sa,161.41509433962264,0.5769364202249957,0.14035995789689418,270
sa,166.98113207547172,0.5969279905808814,0.13483348660807495,270
sa,172.54716981132077,0.6063139341414272,0.1363425694056675,270
sa,178.11320754716982,0.6170475174982827,0.13846056541570614,270
sa,183.67924528301887,0.6307097868312388,0.13699274567974876,270
sa,189.24528301886792,0.640443629036631,0.13507815477302543,270
sa,194.811320754717,0.6493241511213582,0.1384614169123068,270
sa,200.37735849056605,0.6629500298964079,0.13863084705016573,270
sa,205.9433962264151,0.6744493886174228,0.1352316703097722,270
sa,211.50943396226415,0.6852560728548782,0.13245739239557563,270
sa,217.07547169811323,0.6945952838563595,0.13029567539906942,270
sa,222.64150943396228,0.7044338452268383,0.13017415745703997,270
sa,228.20754716981133,0.7116990745711281,0.1289000217364421,270
sa,233.77358490566039,0.7197551982449388,0.1275646533519118,270
sa,239.33962264150944,0.7286599850891461,0.12612983868838568,270
sa,244.90566037735852,0.7331508601287701,0.12718297311666332,270
sa,250.47169811320757,0.738479029702752,0.1279962499486124,270
sa,256.0377358490566,0.7457279775368304,0.1277397675222408,270
sa,261.6037735849057,0.7542008979635803,0.12710651417245192,270
sa,267.1698113207547,0.7636876391656993,0.12549977982158508,270
sa,272.7358490566038,0.7707222523077589,0.1215040790175844,270
sa,278.3018867924528,0.7752561583250588,0.1201360997162727,270
sa,283.8679245283019,0.7838542955908318,0.11596142796155147,270
sa,289.433962264151,0.789148300714601,0.11559303504838268,270
sa,295.0,0.794354031908588,0.11384332235057072,270
sa,300.5660377358491,0.7991748933495049,0.11247522235690566,270
sa,306.13207547169816,0.8033667531767519,0.11141341930221556,270
sa,311.6981132075472,0.8087162559524914,0.10942132418747591,270
sa,317.26415094339626,0.8159081245013053,0.10611409231958593,270
sa,322.8301886792453,0.8219073369930138,0.10072936749180318,270
sa,328.39622641509436,0.8255729150002656,0.10044398942515845,270
sa,333.96226415094344,0.8316347419189167,0.09695965533253406,270
sa,339.52830188679246,0.8347693116292737,0.09712819967713725,270
sa,345.09433962264154,0.8408665985415542,0.0937217459124301,270
sa,350.66037735849056,0.8437506403575326,0.09209627454468591,270
sa,356.22641509433964,0.8471867477741799,0.09008582832128444,270
sa,361.7924528301887,0.8528536326815084,0.08745609561786885,270
sa,367.35849056603774,0.8583912916284494,0.0843322784349353,270
sa,372.9245283018868,0.8615740698873993,0.08300149887978626,270
sa,378.49056603773585,0.8659635790526904,0.08025392294547638,270
sa,384.0566037735849,0.8685282665441282,0.07928146014588752,270
sa,389.622641509434,0.8713008501693161,0.07857394916804612,270
sa,395.188679245283,0.8766843778796645,0.07544815748628447,270
sa,400.7547169811321,0.8786944114986798,0.07461651608037041,270
sa,406.3207547169811,0.881224290003917,0.07377060632437188,270
sa,411.8867924528302,0.8855542129435309,0.07188231599137214,270
sa,417.4528301886793,0.8888552606560574,0.07078966991873492,270
sa,423.0188679245283,0.8937404250295269,0.0670495662322956,270
sa,428.5849056603774,0.8947897968325563,0.06656241094562547,270
sa,434.15094339622647,0.8981145092237975,0.06434566650186929,270
sa,439.7169811320755,0.8995097029795547,0.06377096402442226,270
sa,445.28301886792457,0.901804998810169,0.06357364460152304,270
sa,450.8490566037736,0.9060911771308003,0.06081834796043684,270
sa,456.41509433962267,0.9091731884978008,0.05969683665559531,270
sa,461.98113207547175,0.9127903251934031,0.05820057034643043,270
sa,467.54716981132077,0.9156131808287687,0.057640446121033945,270
sa,473.11320754716985,0.9170655500881062,0.0577289096977966,270
sa,478.6792452830189,0.9181488153022326,0.05771368878039547,270
sa,484.24528301886795,0.9202260048881721,0.057408834218112555,270
sa,489.81132075471703,0.9208532141305892,0.057060130343971435,270
sa,495.37735849056605,0.9229651896831821,0.05568314608176307,270
sa,500.94339622641513,0.9252993594519258,0.05473217695259999,270
sa,506.50943396226415,0.9281901833892781,0.05348345880585813,270
sa,512.0754716981132,0.9304294403839232,0.053774364478039446,270
sa,517.6415094339623,0.9336888051469114,0.05250095100112127,270
sa,523.2075471698114,0.9357275675186221,0.05128163124909791,270
sa,528.7735849056604,0.9381256139018482,0.05118350428611173,270
sa,534.3396226415094,0.9433201591933736,0.04717969103831294,270
sa,539.9056603773586,0.9464450664845288,0.044486325868246905,270
sa,545.4716981132076,0.9494556201630177,0.04122204031872983,270
sa,551.0377358490566,0.950334903070266,0.04038893251194744,270
sa,556.6037735849056,0.9515825384410094,0.03962776906282228,270
sa,562.1698113207548,0.9528017158308766,0.03793053845186898,270
sa,567.7358490566038,0.9554157871769596,0.03647392034964794,270
sa,573.3018867924528,0.9565961281745545,0.035829207675188504,270
sa,578.867924528302,0.9574831381325951,0.035064553418048074,270
sa,584.433962264151,0.9594355363313538,0.03463236258545429,270
sa,590.0,0.9618091462843971,0.0344350860884459,270
sa,595.5660377358491,0.9630928742557592,0.03423340121669586,270
sa,601.1320754716982,0.9648380404061891,0.03306155150308429,270
sa,606.6981132075472,0.9669580208575269,0.03160651211185883,270
sa,612.2641509433963,0.9693520813471463,0.02974748796835818,270
sa,617.8301886792453,0.9707508316680741,0.029242084229024218,270
sa,623.3962264150944,0.9726118638277937,0.028498709103890067,270
sa,628.9622641509434,0.9738435713265546,0.027178662083003687,270
sa,634.5283018867925,0.9759838196124972,0.025889110245040883,270
sa,640.0943396226415,0.9769206913123477,0.02547336758440086,270
sa,645.6603773584906,0.9790045791687947,0.024069169743475963,270
sa,651.2264150943397,0.9813371561332583,0.023799864344063774,270
sa,656.7924528301887,0.981676570911351,0.02370014610853332,270
sa,662.3584905660377,0.9829344677793005,0.023635332497856588,270
sa,667.9245283018869,0.983683132360804,0.02327091883322532,270
sa,673.4905660377359,0.9841605961056601,0.02270802310653509,270
sa,679.0566037735849,0.9844601332207606,0.022721390164467985,270
sa,684.622641509434,0.986343406924387,0.021776555181843314,270
sa,690.1886792452831,0.9872895010309369,0.02030564483135464,270
sa,695.7547169811321,0.9882742911262639,0.0188210436444247,270
sa,701.3207547169811,0.9897166765966351,0.017071956469344285,270
sa,706.8867924528303,0.9901789154713991,0.01598970724971555,270
sa,712.4528301886793,0.9916627417923554,0.015215758234716065,270
sa,718.0188679245283,0.9930143967121022,0.011587756819692189,270
sa,723.5849056603774,0.9947670925117492,0.010012026181787833,270
sa,729.1509433962265,0.995461725452285,0.009468609383171834,270
sa,734.7169811320755,0.9956664871344182,0.009439228818073289,270
sa,740.2830188679246,0.9960128929144101,0.009503889052241905,270
sa,745.8490566037736,0.9966582257809219,0.009081628393579575,270
sa,751.4150943396227,0.9975645998025049,0.00799881689489245,270
sa,756.9811320754717,0.9976128920863594,0.00800188083090073,270
sa,762.5471698113208,0.9976421635006573,0.008006678401164431,270
sa,768.1132075471698,0.9977232580772379,0.008004275105436639,270
sa,773.6792452830189,0.9980227711322435,0.007548547924862693,270
sa,779.245283018868,0.9995406413425373,0.0020083803253636364,270
sa,784.811320754717,0.9997967358397291,0.00112179518313086,270
sa,790.377358490566,0.999989652996983,6.658930841332901e-05,270
sa,795.9433962264152,0.9999939568379658,5.126454919300782e-05,270
sa,801.5094339622642,0.9999951237863713,4.510131316179013e-05,270
sa,807.0754716981132,0.999999621169422,6.213283449135679e-06,270
sa,812.6415094339623,1.0,0.0,270
sa,818.2075471698114,1.0,0.0,270
sa,823.7735849056604,1.0,0.0,270
sa,829.3396226415094,1.0,0.0,270
sa,834.9056603773586,1.0,0.0,270
sa,840.4716981132076,1.0,0.0,270
sa,846.0377358490566,1.0,0.0,270
sa,851.6037735849058,1.0,0.0,270
sa,857.1698113207548,1.0,0.0,270
sa,862.7358490566038,1.0,0.0,270
sa,868.3018867924529,1.0,0.0,270
sa,873.867924528302,1.0,0.0,270
sa,879.433962264151,1.0,0.0,270
sa,885.0,1.0,0.0,270
de,0.0,0.0,0.0,270
de,68.72955974842768,0.04032952203320334,0.029547400041996626,270
de,137.45911949685535,0.2495998441588824,0.10704173730890705,270
de,206.18867924528303,0.4824054324472951,0.13284068039524624,270
de,274.9182389937107,0.6484516578456843,0.12882613910905003,270
de,343.6477987421384,0.7472419481652196,0.10650905742049802,270
de,412.37735849056605,0.8112060623459183,0.09317884139574598,270
de,481.1069182389937,0.8593607530336487,0.07778324730376082,270
de,549.8364779874214,0.8944546880028597,0.06797911744637644,270
de,618.566037735849,0.9214324607155526,0.05845826399037678,270
de,687.2955974842768,0.9436646296280966,0.04860495839127087,270
de,756.0251572327045,0.9612188075441694,0.03895073788051123,270
de,824.7547169811321,0.9709881255120508,0.035091285610793534,270
de,893.4842767295597,0.9771918702419029,0.030890487511828577,270
de,962.2138364779875,0.9820244867492818,0.02821175967764173,270
de,1030.9433962264152,0.9850620469798169,0.025025568687739176,270
de,1099.6729559748428,0.9885664209243524,0.02056766174186609,270
de,1168.4025157232704,0.9910337548511231,0.01817029188578099,270
de,1237.132075471698,0.9920770113323812,0.016546062405621786,270
de,1305.861635220126,0.9929664938990815,0.01477058197921603,270
de,1374.5911949685535,0.9938459580917075,0.013216879370273101,270
de,1443.3207547169811,0.9945114315801629,0.011874338896766702,270
de,1512.050314465409,0.9950706814690624,0.010642793823356136,270
de,1580.7798742138366,0.9956720519075039,0.008979445551759712,270
de,1649.5094339622642,0.9962676831723052,0.007811639862842685,270
de,1718.2389937106918,0.996664725707157,0.0071423965459385215,270
de,1786.9685534591194,0.9969380554502995,0.0067182241823785065,270
de,1855.6981132075473,0.9971372518804176,0.006456644518321496,270
de,1924.427672955975,0.9973134325632246,0.006137588802171015,270
de,1993.1572327044025,0.9976041413545945,0.005447934710083872,270
de,2061.8867924528304,0.9978790053973061,0.004633462796140836,270
de,2130.616352201258,0.9981091413008075,0.00419426995900726,270
de,2199.3459119496856,0.9982436286563996,0.003998400000522568,270
de,2268.0754716981132,0.9983377284804698,0.00384462073764563,270
de,2336.805031446541,0.9984323506334946,0.0036719388373902453,270
de,2405.5345911949685,0.998527516149905,0.003528786052929538,270
de,2474.264150943396,0.9986348360074119,0.0033155015487253375,270
de,2542.993710691824,0.9987313207600239,0.0031582437781477006,270
de,2611.723270440252,0.9987837710009495,0.0030869319721808486,270
de,2680.4528301886794,0.9988399013566314,0.002984037273134725,270
de,2749.182389937107,0.9988962860434164,0.0029137594757151076,270
de,2817.9119496855346,0.9989565332961128,0.002807044207380526,270
de,2886.6415094339623,0.9989922463508383,0.002746694281428181,270
de,2955.37106918239,0.9990268408270168,0.002676632917316765,270
de,3024.100628930818,0.9990720387478413,0.002547687968200504,270
de,3092.8301886792456,0.9991269379777268,0.00238858302987706,270
de,3161.559748427673,0.9991761018600065,0.0022546561742775315,270
de,3230.289308176101,0.9992079240801092,0.0022186881876321905,270
de,3299.0188679245284,0.9992278981473499,0.0021815135219712765,270
de,3367.748427672956,0.9992589296541711,0.002105927224765006,270
de,3436.4779874213837,0.9993260498507728,0.0019632660290900463,270
de,3505.2075471698113,0.9993607245634091,0.0019042012968866196,270
de,3573.937106918239,0.999408823637494,0.0017099580274954078,270
de,3642.666666666667,0.9994738492503406,0.0014524526406079045,270
de,3711.3962264150946,0.9995094681147995,0.0013937561660305202,270
de,3780.125786163522,0.9995294534556607,0.0013698849777608263,270
de,3848.85534591195,0.9995504456227642,0.0013520666119202073,270
de,3917.5849056603774,0.9995707696240713,0.0013335564376381675,270
de,3986.314465408805,0.9995846313178588,0.0013170932624806733,270
de,4055.0440251572327,0.9996020741193031,0.0012922748765464558,270
de,4123.773584905661,0.9996168118376347,0.0012628496739879047,270
de,4192.503144654088,0.9996325394716701,0.001211799047185717,270
de,4261.232704402516,0.9996533124933477,0.0010981115097252626,270
de,4329.962264150943,0.999685953828391,0.0009089947071583144,270
de,4398.691823899371,0.9997060055827599,0.0008284383464680782,270
de,4467.421383647799,0.9997151369228502,0.0008082897154519051,270
de,4536.1509433962265,0.9997269107025507,0.0007861671338797975,270
de,4604.8805031446545,0.9997348148808947,0.00077859289291477,270
de,4673.610062893082,0.9997420249424402,0.0007690482942053864,270
de,4742.33962264151,0.9997549067292124,0.0007350590017624266,270
de,4811.069182389937,0.9997675513020234,0.0007052377146397437,270
de,4879.798742138365,0.9997768332029796,0.0006821568252993171,270
de,4948.528301886792,0.9997884568777217,0.0006558766201022609,270
de,5017.25786163522,0.9998052072115915,0.0006012124842647593,270
de,5085.987421383648,0.9998151911591155,0.0005575720541386526,270
de,5154.7169811320755,0.9998298980743807,0.00048400215751801527,270
de,5223.446540880504,0.9998443223704104,0.0004469495014336612,270
de,5292.176100628931,0.9998581101824696,0.0003985931843576457,270
de,5360.905660377359,0.9998704082564428,0.0003688063307656084,270
de,5429.635220125786,0.9998798922766953,0.0003546932106292658,270
de,5498.364779874214,0.999889580094144,0.0003360186761997052,270
de,5567.094339622642,0.999899446243478,0.00031383816104783223,270
de,5635.823899371069,0.9999081992285567,0.00029865207618250627,270
de,5704.553459119497,0.9999166507765899,0.00028632594009688915,270
de,5773.2830188679245,0.9999224571451255,0.0002790479463192268,270
de,5842.012578616353,0.9999270452358964,0.00027362394675407636,270
de,5910.74213836478,0.9999305492363126,0.00027057071678019486,270
de,5979.471698113208,0.9999324962910896,0.0002690774436833767,270
de,6048.201257861636,0.999934393400063,0.0002666894303784106,270
de,6116.930817610063,0.9999372798540616,0.00026361344223117323,270
de,6185.660377358491,0.9999405457421762,0.00025988214634051595,270
de,6254.389937106918,0.9999433845289616,0.00025640858336014184,270
de,6323.119496855346,0.9999460609303745,0.0002520356490409668,270
de,6391.8490566037735,0.9999505061590345,0.00024256061190629488,270
de,6460.578616352202,0.9999556234106887,0.00023284834624621805,270
de,6529.308176100629,0.9999590346932355,0.00022779785716931652,270
de,6598.037735849057,0.9999605078904393,0.00022513622763992386,270
de,6666.767295597485,0.9999617794264288,0.00021928293046744965,270
de,6735.496855345912,0.9999634086167852,0.00021460364662544671,270
de,6804.22641509434,0.9999654379458088,0.00021157875359973806,270
de,6872.955974842767,0.9999668732984627,0.00021012623080168052,270
de,6941.685534591195,0.9999677233056856,0.00020849767283064694,270
de,7010.415094339623,0.9999689373887772,0.0002055365091858849,270
de,7079.144654088051,0.9999703821253714,0.00020160326454152832,270
de,7147.874213836478,0.9999731227242435,0.0001938690206273725,270
de,7216.603773584906,0.9999758450453116,0.00018670005205015803,270
de,7285.333333333334,0.9999789031854521,0.00017978450264029982,270
de,7354.062893081761,0.9999820554836849,0.00017169476133977425,270
de,7422.792452830189,0.9999844132723389,0.0001649652239895198,270
de,7491.522012578616,0.9999864097159858,0.00014418171143595887,270
de,7560.251572327044,0.9999897377779335,9.918911224640297e-05,270
de,7628.981132075472,0.999992833192411,5.8549921204038654e-05,270
de,7697.7106918239,0.9999958913852212,2.559994867698497e-05,270
de,7766.440251572328,0.9999967038160777,2.171660861146973e-05,270
de,7835.169811320755,0.9999975626684905,1.767366222676655e-05,270
de,7903.899371069183,0.9999977730702514,1.698133348228472e-05,270
de,7972.62893081761,0.9999980593380596,1.551718408713314e-05,270
de,8041.358490566038,0.9999985081357672,1.2886411024374002e-05,270
de,8110.088050314465,0.999998796393726,1.1766116935534281e-05,270
de,8178.817610062893,0.9999988929343931,1.1532859379369857e-05,270
de,8247.547169811322,0.999999016395981,1.0955992968645922e-05,270
de,8316.27672955975,0.9999991486265277,9.718998958815698e-06,270
de,8385.006289308176,0.999999234632688,8.915178207311518e-06,270
de,8453.735849056604,0.999999316259923,8.255961270665867e-06,270
de,8522.465408805032,0.9999993982267871,7.276516719004277e-06,270
de,8591.19496855346,0.999999505429584,5.881510374359426e-06,270
de,8659.924528301886,0.9999996035222672,4.5875994910230375e-06,270
de,8728.654088050314,0.9999996587244229,3.9891715483145215e-06,270
de,8797.383647798742,0.9999996788400621,3.873165111627241e-06,270
de,8866.11320754717,0.9999996999317902,3.7585395676632397e-06,270
de,8934.842767295599,0.9999997123344013,3.706975705837438e-06,270
de,9003.572327044025,0.9999997159783331,3.706560940410893e-06,270
de,9072.301886792453,0.9999997195384607,3.672886082978897e-06,270
de,9141.031446540881,0.9999997247818813,3.6374654416764085e-06,270
de,9209.761006289309,0.9999997331730863,3.5415291351035356e-06,270
de,9278.490566037735,0.9999997492804573,3.339754960166396e-06,270
de,9347.220125786163,0.9999997902051438,2.769078027616487e-06,270
de,9415.949685534591,0.999999893373424,1.1426075694209408e-06,270
de,9484.67924528302,0.9999999579306273,4.3848777891353307e-07,270
de,9553.408805031448,0.9999999602942088,4.3582661729810273e-07,270
de,9622.138364779874,0.9999999619918619,4.3330183068335285e-07,270
de,9690.867924528302,0.9999999672919907,3.863355992911735e-07,270
de,9759.59748427673,0.9999999787847653,2.365608141318692e-07,270
de,9828.327044025158,0.9999999884610916,1.049641065208228e-07,270
de,9897.056603773584,0.9999999897354137,9.309235483203568e-08,270
de,9965.786163522012,0.9999999917084323,7.701541222563645e-08,270
de,10034.51572327044,0.9999999942391014,5.695668028280673e-08,270
de,10103.245283018869,0.9999999959479463,3.982817491176973e-08,270
de,10171.974842767297,0.9999999969986572,3.3933343801656026e-08,270
de,10240.704402515723,0.9999999972263733,3.1459883334569396e-08,270
de,10309.433962264151,0.99999999723032,3.145872606333379e-08,270
de,10378.163522012579,0.9999999978098243,2.9661670995711474e-08,270
de,10446.893081761007,0.9999999982257335,2.824258951640628e-08,270
de,10515.622641509435,0.9999999986337773,2.1552203787324822e-08,270
de,10584.352201257861,0.9999999989688099,1.606019240915352e-08,270
de,10653.08176100629,0.9999999995333084,7.038000118074973e-09,270
de,10721.811320754718,0.9999999999810059,3.11524947921047e-10,270
de,10790.540880503146,1.0,0.0,270
de,10859.270440251572,1.0,0.0,270
de,10928.0,1.0,0.0,270
ga_sa,0.0,0.0,0.0,270
ga_sa,87.00628930817611,0.10082808683517665,0.08389713047393059,270
ga_sa,174.01257861635222,0.2998306214416625,0.12733256375453442,270
ga_sa,261.0188679245283,0.4516906908291448,0.13412156011919352,270
ga_sa,348.02515723270443,0.5624000264783805,0.1385043865149682,270
ga_sa,435.03144654088055,0.6151778517750973,0.12251490967271134,270
ga_sa,522.0377358490566,0.6660457661150241,0.10761753787019439,270
ga_sa,609.0440251572328,0.7169136804549504,0.09741868522592667,270
ga_sa,696.0503144654089,0.7654918274968355,0.08792511865734896,270
ga_sa,783.0566037735849,0.8077823342492251,0.07426043022609233,270
ga_sa,870.0628930817611,0.8360759480233729,0.06471046802448142,270
ga_sa,957.0691823899372,0.8581775388089523,0.06102183326714305,270
ga_sa,1044.0754716981132,0.8743332398448962,0.053987304592061615,270
ga_sa,1131.0817610062893,0.8873162885200315,0.047348358075637656,270
ga_sa,1218.0880503144656,0.9002993371951653,0.04222062671759744,270
ga_sa,1305.0943396226417,0.9130533242364858,0.039731401480554034,270
ga_sa,1392.1006289308177,0.9256445482834744,0.03956738582388018,270
ga_sa,1479.1069182389938,0.9393635117863856,0.03764018246192947,270
ga_sa,1566.1132075471698,0.9497553476971,0.03935397210113598,270
ga_sa,1653.1194968553461,0.9549047200907033,0.037720214132518554,270
ga_sa,1740.1257861635222,0.9576767245389323,0.03551117315131424,270
ga_sa,1827.1320754716983,0.9604487289871612,0.03353934726864447,270
ga_sa,1914.1383647798743,0.9632095559418475,0.03187036729537213,270
ga_sa,2001.1446540880504,0.9710383783457063,0.029685447499318233,270
ga_sa,2088.1509433962265,0.9749450808125668,0.0282378381921868,270
ga_sa,2175.1572327044028,0.9777582894590885,0.027251282944542432,270
ga_sa,2262.1635220125786,0.9799030969642997,0.026388349720387713,270
ga_sa,2349.169811320755,0.9809237640844409,0.0250019133801246,270
ga_sa,2436.176100628931,0.9819444312045823,0.02367905649997942,270
ga_sa,2523.182389937107,0.9829650983247238,0.022431030586029254,270
ga_sa,2610.1886792452833,0.9843596649321379,0.02124294521724444,270
ga_sa,2697.194968553459,0.9857037934504277,0.02021915081241536,270
ga_sa,2784.2012578616354,0.9864157336973001,0.0195555596773603,270
ga_sa,2871.2075471698117,0.9872672218345149,0.01878569081739329,270
ga_sa,2958.2138364779876,0.987733156569639,0.018144847609293115,270
ga_sa,3045.220125786164,0.9881990913047615,0.017555438809350527,270
ga_sa,3132.2264150943397,0.9886650260398855,0.017022807951681672,270
ga_sa,3219.232704402516,0.9894134378305071,0.016084040959658052,270
ga_sa,3306.2389937106923,0.9902559349143498,0.015317318099789038,270
ga_sa,3393.245283018868,0.9907695761595937,0.01469862838441752,270
ga_sa,3480.2515723270444,0.9913355601990573,0.014048122624102885,270
ga_sa,3567.2578616352203,0.9915950561483015,0.013605372178055115,270
ga_sa,3654.2641509433965,0.9918475801522391,0.013189196768672102,270
ga_sa,3741.270440251573,0.9921001041561759,0.012800673001219724,270
ga_sa,3828.2767295597487,0.9924123671872647,0.012377237174116354,270
ga_sa,3915.283018867925,0.9927574740096295,0.011960041228630702,270
ga_sa,4002.289308176101,0.9931197785376779,0.011484336350540901,270
ga_sa,4089.295597484277,0.9935446047881863,0.010924176489053661,270
ga_sa,4176.301886792453,0.9936993027501188,0.010682125007526973,270
ga_sa,4263.30817610063,0.9938328048604481,0.010473823338581958,270
ga_sa,4350.3144654088055,0.9939663069707771,0.010279420034283504,270
ga_sa,4437.320754716981,0.9941394113469947,0.010056319786497148,270
ga_sa,4524.327044025157,0.9944556117897438,0.009522549076382399,270
ga_sa,4611.333333333334,0.9946393362789502,0.009289123742953721,270
ga_sa,4698.33962264151,0.9947959790102883,0.00904618726314622,270
ga_sa,4785.345911949686,0.9949255849436539,0.008792517845944314,270
ga_sa,4872.352201257862,0.9950173431452549,0.008600253035348615,270
ga_sa,4959.358490566038,0.9951091013468556,0.008417716370446764,270
ga_sa,5046.364779874214,0.9952161033684617,0.008240711252394312,270
ga_sa,5133.371069182391,0.9954220473473179,0.008025568062476302,270
ga_sa,5220.377358490567,0.995612648246712,0.007765043552797591,270
ga_sa,5307.3836477987425,0.9957648421365912,0.007524532260653059,270
ga_sa,5394.389937106918,0.9958559804117526,0.0073864174983088865,270
ga_sa,5481.396226415095,0.9959152738843807,0.007288933912886088,270
ga_sa,5568.402515723271,0.995974567357008,0.007198311873099064,270
ga_sa,5655.408805031447,0.9960355017435653,0.007107404104561006,270
ga_sa,5742.4150943396235,0.9962336841563176,0.006627817710612574,270
ga_sa,5829.421383647799,0.9964142256761014,0.006342320369599006,270
ga_sa,5916.427672955975,0.9965256614095034,0.006084313284531778,270
ga_sa,6003.433962264151,0.9966301600840215,0.005902060790337892,270
ga_sa,6090.440251572328,0.9966841475178079,0.005825104017083368,270
ga_sa,6177.446540880504,0.9967381349515941,0.00575726238385566,270
ga_sa,6264.452830188679,0.9967921223853805,0.0056988614312860454,270
ga_sa,6351.459119496856,0.9969133440817161,0.005475252124822059,270
ga_sa,6438.465408805032,0.9971048341102009,0.005161701039645591,270
ga_sa,6525.471698113208,0.9971978218102815,0.005019728679778404,270
ga_sa,6612.477987421385,0.9972756511156071,0.004938552650784382,270
ga_sa,6699.48427672956,0.9973124975203207,0.004863261972956915,270
ga_sa,6786.490566037736,0.9973493439250343,0.004793531200542917,270
ga_sa,6873.496855345912,0.9973861903297476,0.004729606256706588,270
ga_sa,6960.503144654089,0.9974458240934045,0.004646627972008786,270
ga_sa,7047.509433962265,0.9975776395334599,0.004506622836106908,270
ga_sa,7134.5157232704405,0.9976734975272481,0.00439149420955525,270
ga_sa,7221.522012578617,0.9977516059088476,0.004301791446932244,270
ga_sa,7308.528301886793,0.9977670414806769,0.004276006365556303,270
ga_sa,7395.534591194969,0.9977820486783396,0.00425203538746134,270
ga_sa,7482.540880503146,0.9977970558760029,0.004229502334983029,270
ga_sa,7569.5471698113215,0.9978524913641336,0.004163467954692796,270
ga_sa,7656.553459119497,0.9979553884816581,0.004038143858061592,270
ga_sa,7743.559748427673,0.9980071100497584,0.003983331212972046,270
ga_sa,7830.56603773585,0.998050054139683,0.003870747765137875,270
ga_sa,7917.572327044026,0.9980634935207878,0.003847932458904301,270
ga_sa,8004.578616352202,0.9980738433595023,0.0038262756250523056,270
ga_sa,8091.584905660378,0.998084193198217,0.003805609470770634,270
ga_sa,8178.591194968554,0.9981133952165924,0.0037664935794975113,270
ga_sa,8265.59748427673,0.9981556498981219,0.0037346249271673787,270
ga_sa,8352.603773584906,0.9982152553405613,0.00364868988696518,270
ga_sa,8439.610062893082,0.9982757557677097,0.0035530945243902115,270
ga_sa,8526.61635220126,0.99829302919014,0.0035321810379738165,270
ga_sa,8613.622641509435,0.9983047730905666,0.0035251618928965524,270
ga_sa,8700.628930817611,0.9983165169909933,0.0035206516407265166,270
ga_sa,8787.635220125787,0.9983432965024202,0.00343844154533601,270
ga_sa,8874.641509433963,0.9984094525254991,0.00330715462357617,270
ga_sa,8961.647798742139,0.9985104183496147,0.0029838449138224407,270
ga_sa,9048.654088050314,0.9986429296900172,0.0024872862792109447,270
ga_sa,9135.660377358492,0.9987149408747964,0.002356877258738677,270
ga_sa,9222.666666666668,0.9987393415896383,0.0022964972993318442,270
ga_sa,9309.672955974844,0.9987637423044797,0.002242751162371431,270
ga_sa,9396.67924528302,0.9987894358483551,0.002192472792002261,270
ga_sa,9483.685534591195,0.998862929371937,0.002093616607177941,270
ga_sa,9570.691823899371,0.9989301232299773,0.0019712825912842997,270
ga_sa,9657.698113207547,0.9989959939107345,0.0018972169619120907,270
ga_sa,9744.704402515725,0.9990121697283739,0.0018704549997651079,270
ga_sa,9831.7106918239,0.9990212551073017,0.0018582820309136602,270
ga_sa,9918.716981132076,0.9990303404862299,0.0018479388513711966,270
ga_sa,10005.723270440252,0.9990395175784202,0.001839209906685596,270
ga_sa,10092.729559748428,0.9990715257036653,0.0017978821963074863,270
ga_sa,10179.735849056604,0.9991292608601321,0.0017233744610736885,270
ga_sa,10266.742138364782,0.9991587938994809,0.0016933023086115671,270
ga_sa,10353.748427672957,0.9991805173819965,0.0016665856052657676,270
ga_sa,10440.754716981133,0.999184843615477,0.0016611697067383836,270
ga_sa,10527.761006289309,0.999189169848957,0.0016565397597059766,270
ga_sa,10614.767295597485,0.9991934960824375,0.0016527023695703381,270
ga_sa,10701.77358490566,0.9992360092684872,0.0015493547256879901,270
ga_sa,10788.779874213837,0.9992670530615286,0.00148584353910412,270
ga_sa,10875.786163522014,0.9993301316238329,0.0013863031822065406,270
ga_sa,10962.79245283019,0.9993838100086777,0.0013157501612087025,270
ga_sa,11049.798742138366,0.9993878935437079,0.0013094861856986185,270
ga_sa,11136.805031446542,0.9993919770787384,0.0013039123767325674,270
ga_sa,11223.811320754718,0.9993960606137688,0.001299037618278734,270
ga_sa,11310.817610062893,0.9994307843750707,0.0012392575354624401,270
ga_sa,11397.82389937107,0.9994787749766564,0.0011915095055530028,270
ga_sa,11484.830188679247,0.9995394794949958,0.0010974310682606977,270
ga_sa,11571.836477987423,0.9995907377792361,0.0009936676197589344,270
ga_sa,11658.842767295599,0.9995967252350978,0.000986798382059095,270
ga_sa,11745.849056603774,0.9996025801820492,0.0009817689301780512,270
ga_sa,11832.85534591195,0.9996084351290007,0.0009785490437139743,270
ga_sa,11919.861635220126,0.9996264705935076,0.0009211134068431658,270
ga_sa,12006.867924528302,0.9996539048292227,0.0008814872888271922,270
ga_sa,12093.87421383648,0.9996902129853572,0.0008296607513956504,270
ga_sa,12180.880503144655,0.9997256664963164,0.0007786069106761401,270
ga_sa,12267.886792452831,0.9997347445225896,0.0007593950612915045,270
ga_sa,12354.893081761007,0.9997367233008687,0.0007529385157387684,270
ga_sa,12441.899371069183,0.9997387020791482,0.000746806579106421,270
ga_sa,12528.905660377359,0.9997526592983654,0.0006994325372453563,270
ga_sa,12615.911949685536,0.9997787252841243,0.0006645042009208639,270
ga_sa,12702.918238993712,0.999796530839929,0.0006502178878080044,270
ga_sa,12789.924528301888,0.999837560807942,0.0005609289483632775,270
ga_sa,12876.930817610064,0.9998483234092528,0.0005471641567698741,270
ga_sa,12963.93710691824,0.9998522215074024,0.000536149335654946,270
ga_sa,13050.943396226416,0.9998561196055518,0.0005260283142046807,270
ga_sa,13137.949685534591,0.9998629399328587,0.000510754939901364,270
ga_sa,13224.95597484277,0.9998858652886881,0.0004810851141899377,270
ga_sa,13311.962264150945,0.999910891677206,0.0004467898546787269,270
ga_sa,13398.96855345912,0.9999353020052257,0.00035310661997213505,270
ga_sa,13485.974842767297,0.999969061132328,0.00018268240853271388,270
ga_sa,13572.981132075472,0.9999752780912342,0.00013366619327163915,270
ga_sa,13659.987421383648,0.9999814950501403,9.291281981823175e-05,270
ga_sa,13746.993710691824,0.9999878662886624,7.366988054719686e-05,270
ga_sa,13834.0,1.0,0.0,270
